{"train": [{"input": [[5, 5, 0], [5, 0, 5], [0, 5, 0]], "output": [[1]]}, {"input": [[8, 0, 8], [0, 8, 0], [8, 0, 8]], "output": [[2]]}, {"input": [[5, 0, 5], [0, 5, 0], [5, 0, 5]], "output": [[2]]}, {"input": [[0, 1, 1], [0, 1, 1], [1, 0, 0]], "output": [[3]]}, {"input": [[0, 8, 8], [0, 8, 8], [8, 0, 0]], "output": [[3]]}, {"input": [[4, 4, 0], [4, 0, 4], [0, 4, 0]], "output": [[1]]}, {"input": [[0, 5, 0], [5, 5, 5], [0, 5, 0]], "output": [[6]]}], "test": [{"input": [[0, 8, 0], [8, 8, 8], [0, 8, 0]], "output": [[6]]}, {"input": [[7, 7, 0], [7, 0, 7], [0, 7, 0]], "output": [[1]]}, {"input": [[2, 0, 2], [0, 2, 0], [2, 0, 2]], "output": [[2]]}], "arc-gen": [{"input": [[8, 8, 0], [8, 0, 8], [0, 8, 0]], "output": [[1]]}, {"input": [[6, 6, 0], [6, 0, 6], [0, 6, 0]], "output": [[1]]}, {"input": [[0, 3, 3], [0, 3, 3], [3, 0, 0]], "output": [[3]]}, {"input": [[0, 8, 0], [8, 8, 8], [0, 8, 0]], "output": [[6]]}, {"input": [[0, 7, 7], [0, 7, 7], [7, 0, 0]], "output": [[3]]}, {"input": [[6, 0, 6], [0, 6, 0], [6, 0, 6]], "output": [[2]]}, {"input": [[0, 3, 0], [3, 3, 3], [0, 3, 0]], "output": [[6]]}, {"input": [[7, 7, 0], [7, 0, 7], [0, 7, 0]], "output": [[1]]}, {"input": [[0, 9, 9], [0, 9, 9], [9, 0, 0]], "output": [[3]]}, {"input": [[0, 1, 0], [1, 1, 1], [0, 1, 0]], "output": [[6]]}, {"input": [[0, 9, 0], [9, 9, 9], [0, 9, 0]], "output": [[6]]}, {"input": [[0, 4, 4], [0, 4, 4], [4, 0, 0]], "output": [[3]]}, {"input": [[0, 4, 0], [4, 4, 4], [0, 4, 0]], "output": [[6]]}, {"input": [[7, 0, 7], [0, 7, 0], [7, 0, 7]], "output": [[2]]}, {"input": [[0, 6, 0], [6, 6, 6], [0, 6, 0]], "output": [[6]]}, {"input": [[8, 0, 8], [0, 8, 0], [8, 0, 8]], "output": [[2]]}, {"input": [[0, 8, 8], [0, 8, 8], [8, 0, 0]], "output": [[3]]}, {"input": [[0, 2, 2], [0, 2, 2], [2, 0, 0]], "output": [[3]]}, {"input": [[0, 5, 5], [0, 5, 5], [5, 0, 0]], "output": [[3]]}, {"input": [[9, 0, 9], [0, 9, 0], [9, 0, 9]], "output": [[2]]}, {"input": [[5, 0, 5], [0, 5, 0], [5, 0, 5]], "output": [[2]]}, {"input": [[0, 5, 0], [5, 5, 5], [0, 5, 0]], "output": [[6]]}, {"input": [[1, 0, 1], [0, 1, 0], [1, 0, 1]], "output": [[2]]}, {"input": [[0, 2, 0], [2, 2, 2], [0, 2, 0]], "output": [[6]]}, {"input": [[0, 6, 6], [0, 6, 6], [6, 0, 0]], "output": [[3]]}, {"input": [[3, 0, 3], [0, 3, 0], [3, 0, 3]], "output": [[2]]}, {"input": [[5, 5, 0], [5, 0, 5], [0, 5, 0]], "output": [[1]]}, {"input": [[9, 9, 0], [9, 0, 9], [0, 9, 0]], "output": [[1]]}, {"input": [[3, 3, 0], [3, 0, 3], [0, 3, 0]], "output": [[1]]}, {"input": [[4, 4, 0], [4, 0, 4], [0, 4, 0]], "output": [[1]]}, {"input": [[2, 2, 0], [2, 0, 2], [0, 2, 0]], "output": [[1]]}, {"input": [[4, 0, 4], [0, 4, 0], [4, 0, 4]], "output": [[2]]}, {"input": [[0, 7, 0], [7, 7, 7], [0, 7, 0]], "output": [[6]]}, {"input": [[1, 1, 0], [1, 0, 1], [0, 1, 0]], "output": [[1]]}, {"input": [[0, 1, 1], [0, 1, 1], [1, 0, 0]], "output": [[3]]}, {"input": [[2, 0, 2], [0, 2, 0], [2, 0, 2]], "output": [[2]]}]}