{"train": [{"input": [[3, 3, 0], [0, 3, 0], [3, 0, 3]], "output": [[8, 8, 0], [0, 8, 0], [3, 0, 3]]}, {"input": [[0, 3, 0, 0, 0, 3], [0, 3, 3, 3, 0, 0], [0, 0, 0, 0, 3, 0], [0, 3, 0, 0, 0, 0]], "output": [[0, 8, 0, 0, 0, 3], [0, 8, 8, 8, 0, 0], [0, 0, 0, 0, 3, 0], [0, 3, 0, 0, 0, 0]]}, {"input": [[3, 3, 0, 3], [3, 3, 0, 0], [3, 0, 0, 3], [0, 0, 3, 3]], "output": [[8, 8, 0, 3], [8, 8, 0, 0], [8, 0, 0, 8], [0, 0, 8, 8]]}, {"input": [[3, 3, 0, 0, 0, 0], [0, 3, 0, 0, 3, 0], [3, 0, 0, 0, 0, 0], [0, 3, 3, 0, 0, 0], [0, 3, 3, 0, 0, 3]], "output": [[8, 8, 0, 0, 0, 0], [0, 8, 0, 0, 3, 0], [3, 0, 0, 0, 0, 0], [0, 8, 8, 0, 0, 0], [0, 8, 8, 0, 0, 3]]}], "test": [{"input": [[3, 0, 3, 0, 3], [3, 3, 3, 0, 0], [0, 0, 0, 0, 3], [0, 3, 3, 0, 0], [0, 3, 3, 0, 0]], "output": [[8, 0, 8, 0, 3], [8, 8, 8, 0, 0], [0, 0, 0, 0, 3], [0, 8, 8, 0, 0], [0, 8, 8, 0, 0]]}], "arc-gen": [{"input": [[0, 0, 3], [3, 3, 3], [3, 3, 3], [3, 3, 0], [0, 3, 0], [0, 3, 3]], "output": [[0, 0, 8], [8, 8, 8], [8, 8, 8], [8, 8, 0], [0, 8, 0], [0, 8, 8]]}, {"input": [[0, 0, 0], [3, 3, 0], [0, 0, 0], [0, 0, 0], [0, 3, 0]], "output": [[0, 0, 0], [8, 8, 0], [0, 0, 0], [0, 0, 0], [0, 3, 0]]}, {"input": [[3, 0, 0], [0, 0, 3], [3, 3, 3], [0, 0, 3], [3, 0, 0], [0, 3, 0]], "output": [[3, 0, 0], [0, 0, 8], [8, 8, 8], [0, 0, 8], [3, 0, 0], [0, 3, 0]]}, {"input": [[0, 3, 3, 3, 3], [3, 0, 0, 0, 0], [0, 3, 0, 3, 3], [3, 3, 0, 0, 0]], "output": [[0, 8, 8, 8, 8], [3, 0, 0, 0, 0], [0, 8, 0, 8, 8], [8, 8, 0, 0, 0]]}, {"input": [[0, 3, 3, 0, 3, 0], [3, 3, 0, 0, 3, 3], [0, 0, 3, 3, 0, 3], [3, 0, 3, 0, 3, 3], [0, 0, 0, 0, 0, 0], [3, 3, 3, 3, 3, 0]], "output": [[0, 8, 8, 0, 8, 0], [8, 8, 0, 0, 8, 8], [0, 0, 8, 8, 0, 8], [3, 0, 8, 0, 8, 8], [0, 0, 0, 0, 0, 0], [8, 8, 8, 8, 8, 0]]}, {"input": [[3, 0, 3, 3, 3], [0, 0, 3, 3, 0], [3, 0, 3, 0, 3], [0, 0, 3, 0, 3], [3, 3, 0, 0, 0], [3, 0, 0, 0, 0]], "output": [[3, 0, 8, 8, 8], [0, 0, 8, 8, 0], [3, 0, 8, 0, 8], [0, 0, 8, 0, 8], [8, 8, 0, 0, 0], [8, 0, 0, 0, 0]]}, {"input": [[3, 3, 3, 0], [3, 3, 3, 0], [3, 3, 3, 0], [3, 3, 3, 3], [3, 3, 3, 3]], "output": [[8, 8, 8, 0], [8, 8, 8, 0], [8, 8, 8, 0], [8, 8, 8, 8], [8, 8, 8, 8]]}, {"input": [[3, 3, 3], [0, 0, 0], [3, 0, 0], [3, 3, 0], [3, 3, 0], [3, 0, 0]], "output": [[8, 8, 8], [0, 0, 0], [8, 0, 0], [8, 8, 0], [8, 8, 0], [8, 0, 0]]}, {"input": [[0, 3, 0, 3, 3, 3], [0, 0, 3, 0, 3, 3], [0, 0, 0, 3, 3, 0], [3, 0, 3, 3, 3, 3]], "output": [[0, 3, 0, 8, 8, 8], [0, 0, 3, 0, 8, 8], [0, 0, 0, 8, 8, 0], [3, 0, 8, 8, 8, 8]]}, {"input": [[3, 0, 3], [3, 3, 3], [3, 3, 3], [0, 3, 3], [0, 0, 0]], "output": [[8, 0, 8], [8, 8, 8], [8, 8, 8], [0, 8, 8], [0, 0, 0]]}, {"input": [[0, 3, 0, 0, 0], [3, 0, 0, 0, 3], [3, 0, 3, 3, 3], [3, 0, 0, 0, 3]], "output": [[0, 3, 0, 0, 0], [8, 0, 0, 0, 8], [8, 0, 8, 8, 8], [8, 0, 0, 0, 8]]}, {"input": [[3, 0, 3], [0, 0, 0], [3, 0, 3], [3, 3, 3], [3, 0, 0], [3, 3, 3]], "output": [[3, 0, 3], [0, 0, 0], [8, 0, 8], [8, 8, 8], [8, 0, 0], [8, 8, 8]]}, {"input": [[3, 0, 3, 3, 0], [0, 3, 0, 3, 3], [3, 3, 0, 0, 0]], "output": [[3, 0, 8, 8, 0], [0, 8, 0, 8, 8], [8, 8, 0, 0, 0]]}, {"input": [[3, 0, 0], [0, 0, 3], [3, 0, 3], [0, 3, 3], [0, 0, 0], [3, 3, 0]], "output": [[3, 0, 0], [0, 0, 8], [3, 0, 8], [0, 8, 8], [0, 0, 0], [8, 8, 0]]}, {"input": [[0, 0, 3, 0, 0, 0], [0, 0, 0, 0, 3, 0], [3, 0, 0, 0, 3, 3]], "output": [[0, 0, 3, 0, 0, 0], [0, 0, 0, 0, 8, 0], [3, 0, 0, 0, 8, 8]]}, {"input": [[0, 3, 0, 0, 0, 3], [3, 3, 0, 0, 3, 0], [0, 3, 3, 0, 3, 0], [0, 3, 3, 0, 3, 3], [0, 0, 0, 3, 0, 0]], "output": [[0, 8, 0, 0, 0, 3], [8, 8, 0, 0, 8, 0], [0, 8, 8, 0, 8, 0], [0, 8, 8, 0, 8, 8], [0, 0, 0, 3, 0, 0]]}, {"input": [[0, 0, 0], [3, 3, 0], [3, 3, 3], [3, 0, 0], [3, 0, 0], [0, 3, 3]], "output": [[0, 0, 0], [8, 8, 0], [8, 8, 8], [8, 0, 0], [8, 0, 0], [0, 8, 8]]}, {"input": [[0, 3, 0, 0, 3], [0, 3, 0, 0, 0], [0, 0, 0, 0, 3], [0, 3, 3, 0, 3]], "output": [[0, 8, 0, 0, 3], [0, 8, 0, 0, 0], [0, 0, 0, 0, 8], [0, 8, 8, 0, 8]]}, {"input": [[0, 0, 0, 0, 0, 3], [0, 3, 0, 3, 3, 0], [0, 0, 3, 0, 3, 3], [3, 0, 0, 0, 0, 0]], "output": [[0, 0, 0, 0, 0, 3], [0, 3, 0, 8, 8, 0], [0, 0, 3, 0, 8, 8], [3, 0, 0, 0, 0, 0]]}, {"input": [[3, 0, 3], [0, 3, 0], [3, 0, 3], [3, 0, 0], [3, 3, 0]], "output": [[3, 0, 3], [0, 3, 0], [8, 0, 3], [8, 0, 0], [8, 8, 0]]}, {"input": [[3, 0, 3, 3], [3, 3, 0, 0], [3, 0, 0, 0], [0, 0, 0, 0], [3, 3, 0, 3], [3, 0, 0, 0]], "output": [[8, 0, 8, 8], [8, 8, 0, 0], [8, 0, 0, 0], [0, 0, 0, 0], [8, 8, 0, 3], [8, 0, 0, 0]]}, {"input": [[3, 3, 3, 3, 0, 3], [0, 3, 0, 3, 3, 0], [3, 0, 0, 0, 3, 3], [3, 0, 3, 3, 3, 0], [3, 3, 3, 3, 3, 3]], "output": [[8, 8, 8, 8, 0, 3], [0, 8, 0, 8, 8, 0], [8, 0, 0, 0, 8, 8], [8, 0, 8, 8, 8, 0], [8, 8, 8, 8, 8, 8]]}, {"input": [[3, 3, 3, 0], [3, 3, 0, 3], [0, 0, 0, 3], [3, 0, 3, 3], [3, 3, 0, 3], [0, 3, 0, 3]], "output": [[8, 8, 8, 0], [8, 8, 0, 8], [0, 0, 0, 8], [8, 0, 8, 8], [8, 8, 0, 8], [0, 8, 0, 8]]}, {"input": [[0, 0, 0, 0, 0], [3, 0, 3, 0, 0], [3, 3, 0, 0, 0], [0, 0, 0, 0, 0], [3, 3, 0, 0, 3], [3, 0, 0, 0, 3]], "output": [[0, 0, 0, 0, 0], [8, 0, 3, 0, 0], [8, 8, 0, 0, 0], [0, 0, 0, 0, 0], [8, 8, 0, 0, 8], [8, 0, 0, 0, 8]]}, {"input": [[0, 0, 0, 0, 3], [3, 0, 0, 0, 3], [3, 3, 0, 0, 3]], "output": [[0, 0, 0, 0, 8], [8, 0, 0, 0, 8], [8, 8, 0, 0, 8]]}, {"input": [[0, 0, 0, 0, 3], [0, 0, 0, 0, 0], [0, 0, 0, 3, 3], [0, 3, 0, 0, 3]], "output": [[0, 0, 0, 0, 3], [0, 0, 0, 0, 0], [0, 0, 0, 8, 8], [0, 3, 0, 0, 8]]}, {"input": [[0, 3, 3, 0], [3, 0, 0, 3], [0, 0, 0, 0], [0, 0, 0, 3], [3, 3, 3, 3], [3, 0, 3, 0]], "output": [[0, 8, 8, 0], [3, 0, 0, 3], [0, 0, 0, 0], [0, 0, 0, 8], [8, 8, 8, 8], [8, 0, 8, 0]]}, {"input": [[0, 0, 3, 3, 0], [0, 3, 0, 3, 3], [3, 3, 3, 0, 3], [0, 3, 3, 3, 0], [0, 0, 0, 0, 0], [0, 3, 3, 0, 0]], "output": [[0, 0, 8, 8, 0], [0, 8, 0, 8, 8], [8, 8, 8, 0, 8], [0, 8, 8, 8, 0], [0, 0, 0, 0, 0], [0, 8, 8, 0, 0]]}, {"input": [[3, 3, 0, 0, 3], [0, 0, 3, 0, 3], [3, 3, 3, 0, 3], [0, 3, 0, 3, 3], [0, 0, 0, 0, 0]], "output": [[8, 8, 0, 0, 8], [0, 0, 8, 0, 8], [8, 8, 8, 0, 8], [0, 8, 0, 8, 8], [0, 0, 0, 0, 0]]}, {"input": [[3, 3, 0, 3], [0, 0, 3, 0], [3, 0, 0, 3]], "output": [[8, 8, 0, 3], [0, 0, 3, 0], [3, 0, 0, 3]]}, {"input": [[0, 3, 3, 0], [3, 3, 3, 0], [0, 3, 0, 3], [3, 0, 0, 3], [3, 0, 0, 3]], "output": [[0, 8, 8, 0], [8, 8, 8, 0], [0, 8, 0, 8], [8, 0, 0, 8], [8, 0, 0, 8]]}, {"input": [[3, 0, 0, 3, 3], [0, 0, 0, 3, 0], [0, 3, 0, 3, 0], [3, 3, 3, 3, 3], [0, 3, 0, 0, 0], [3, 3, 0, 0, 3]], "output": [[3, 0, 0, 8, 8], [0, 0, 0, 8, 0], [0, 8, 0, 8, 0], [8, 8, 8, 8, 8], [0, 8, 0, 0, 0], [8, 8, 0, 0, 3]]}, {"input": [[0, 0, 0, 0, 0, 0], [0, 0, 3, 3, 0, 3], [3, 0, 0, 3, 3, 0], [3, 0, 3, 0, 3, 0], [0, 0, 0, 3, 3, 3]], "output": [[0, 0, 0, 0, 0, 0], [0, 0, 8, 8, 0, 3], [8, 0, 0, 8, 8, 0], [8, 0, 3, 0, 8, 0], [0, 0, 0, 8, 8, 8]]}, {"input": [[0, 3, 0, 3], [3, 3, 3, 3], [0, 3, 3, 3]], "output": [[0, 8, 0, 8], [8, 8, 8, 8], [0, 8, 8, 8]]}, {"input": [[3, 3, 3, 3, 0, 3], [0, 0, 3, 0, 0, 3], [3, 0, 3, 3, 0, 3]], "output": [[8, 8, 8, 8, 0, 8], [0, 0, 8, 0, 0, 8], [3, 0, 8, 8, 0, 8]]}, {"input": [[3, 0, 0, 3, 3], [0, 0, 3, 3, 3], [3, 3, 0, 0, 0], [3, 3, 0, 3, 3], [3, 0, 0, 3, 3]], "output": [[3, 0, 0, 8, 8], [0, 0, 8, 8, 8], [8, 8, 0, 0, 0], [8, 8, 0, 8, 8], [8, 0, 0, 8, 8]]}, {"input": [[3, 3, 0, 0, 0], [0, 3, 3, 3, 3], [3, 0, 3, 3, 3], [0, 3, 3, 0, 0], [0, 3, 0, 3, 0]], "output": [[8, 8, 0, 0, 0], [0, 8, 8, 8, 8], [3, 0, 8, 8, 8], [0, 8, 8, 0, 0], [0, 8, 0, 3, 0]]}, {"input": [[0, 0, 3, 0, 3], [0, 0, 3, 0, 0], [3, 0, 3, 0, 0], [3, 3, 3, 0, 3], [3, 3, 0, 3, 3], [0, 3, 3, 0, 3]], "output": [[0, 0, 8, 0, 3], [0, 0, 8, 0, 0], [8, 0, 8, 0, 0], [8, 8, 8, 0, 8], [8, 8, 0, 8, 8], [0, 8, 8, 0, 8]]}, {"input": [[0, 3, 0, 0], [3, 3, 0, 0], [3, 0, 3, 0], [3, 3, 3, 0]], "output": [[0, 8, 0, 0], [8, 8, 0, 0], [8, 0, 8, 0], [8, 8, 8, 0]]}, {"input": [[3, 0, 0, 3, 3], [3, 0, 3, 3, 0], [3, 3, 3, 3, 0]], "output": [[8, 0, 0, 8, 8], [8, 0, 8, 8, 0], [8, 8, 8, 8, 0]]}, {"input": [[3, 3, 3, 0, 3], [3, 0, 0, 3, 0], [3, 3, 3, 0, 0]], "output": [[8, 8, 8, 0, 3], [8, 0, 0, 3, 0], [8, 8, 8, 0, 0]]}, {"input": [[3, 3, 3], [0, 3, 3], [3, 0, 3], [0, 0, 0], [0, 0, 0]], "output": [[8, 8, 8], [0, 8, 8], [3, 0, 8], [0, 0, 0], [0, 0, 0]]}, {"input": [[0, 3, 3], [0, 0, 3], [0, 3, 0], [3, 0, 3]], "output": [[0, 8, 8], [0, 0, 8], [0, 3, 0], [3, 0, 3]]}, {"input": [[0, 3, 3], [3, 0, 0], [0, 3, 3], [0, 3, 3], [0, 0, 0], [0, 3, 3]], "output": [[0, 8, 8], [3, 0, 0], [0, 8, 8], [0, 8, 8], [0, 0, 0], [0, 8, 8]]}, {"input": [[0, 0, 3, 0, 0], [3, 3, 0, 3, 3], [0, 3, 3, 0, 0], [3, 3, 3, 3, 0], [3, 3, 3, 0, 3]], "output": [[0, 0, 3, 0, 0], [8, 8, 0, 8, 8], [0, 8, 8, 0, 0], [8, 8, 8, 8, 0], [8, 8, 8, 0, 3]]}, {"input": [[0, 3, 3, 0, 0, 3], [3, 3, 3, 3, 3, 3], [3, 0, 0, 3, 3, 3]], "output": [[0, 8, 8, 0, 0, 8], [8, 8, 8, 8, 8, 8], [8, 0, 0, 8, 8, 8]]}, {"input": [[0, 3, 3], [3, 3, 0], [3, 3, 3], [3, 3, 3]], "output": [[0, 8, 8], [8, 8, 0], [8, 8, 8], [8, 8, 8]]}, {"input": [[0, 0, 3, 0, 0], [0, 0, 0, 3, 3], [3, 3, 3, 0, 3], [0, 3, 3, 0, 0]], "output": [[0, 0, 3, 0, 0], [0, 0, 0, 8, 8], [8, 8, 8, 0, 8], [0, 8, 8, 0, 0]]}, {"input": [[3, 3, 3, 3], [3, 0, 3, 3], [3, 3, 3, 3]], "output": [[8, 8, 8, 8], [8, 0, 8, 8], [8, 8, 8, 8]]}, {"input": [[0, 0, 3, 0, 0], [0, 0, 3, 3, 0], [3, 0, 3, 0, 0], [3, 3, 0, 3, 0]], "output": [[0, 0, 8, 0, 0], [0, 0, 8, 8, 0], [8, 0, 8, 0, 0], [8, 8, 0, 3, 0]]}, {"input": [[3, 0, 0, 3, 3], [0, 3, 0, 3, 3], [3, 3, 3, 0, 0], [0, 3, 3, 3, 0], [0, 3, 0, 3, 3], [3, 0, 3, 0, 3]], "output": [[3, 0, 0, 8, 8], [0, 8, 0, 8, 8], [8, 8, 8, 0, 0], [0, 8, 8, 8, 0], [0, 8, 0, 8, 8], [3, 0, 3, 0, 8]]}, {"input": [[0, 0, 3, 3], [0, 0, 3, 0], [3, 0, 3, 0]], "output": [[0, 0, 8, 8], [0, 0, 8, 0], [3, 0, 8, 0]]}, {"input": [[0, 0, 3, 0, 3], [0, 0, 3, 0, 3], [0, 0, 0, 0, 3], [3, 0, 3, 3, 0], [3, 0, 3, 3, 0]], "output": [[0, 0, 8, 0, 8], [0, 0, 8, 0, 8], [0, 0, 0, 0, 8], [8, 0, 8, 8, 0], [8, 0, 8, 8, 0]]}, {"input": [[3, 3, 0], [0, 3, 0], [0, 0, 0], [0, 3, 3]], "output": [[8, 8, 0], [0, 8, 0], [0, 0, 0], [0, 8, 8]]}, {"input": [[0, 3, 3, 0, 0, 0], [0, 3, 0, 0, 3, 0], [0, 0, 3, 0, 0, 3], [3, 3, 3, 3, 3, 3]], "output": [[0, 8, 8, 0, 0, 0], [0, 8, 0, 0, 3, 0], [0, 0, 8, 0, 0, 8], [8, 8, 8, 8, 8, 8]]}, {"input": [[3, 0, 3], [3, 0, 0], [0, 3, 3], [3, 3, 0], [0, 3, 3], [3, 3, 3]], "output": [[8, 0, 3], [8, 0, 0], [0, 8, 8], [8, 8, 0], [0, 8, 8], [8, 8, 8]]}, {"input": [[0, 3, 3, 0, 0, 3], [0, 0, 3, 3, 3, 3], [3, 0, 0, 0, 0, 0], [3, 3, 3, 3, 0, 3]], "output": [[0, 8, 8, 0, 0, 8], [0, 0, 8, 8, 8, 8], [8, 0, 0, 0, 0, 0], [8, 8, 8, 8, 0, 3]]}, {"input": [[0, 3, 3], [3, 3, 3], [0, 3, 3]], "output": [[0, 8, 8], [8, 8, 8], [0, 8, 8]]}, {"input": [[3, 3, 0], [3, 3, 3], [0, 3, 0]], "output": [[8, 8, 0], [8, 8, 8], [0, 8, 0]]}, {"input": [[0, 3, 0, 3, 3, 3], [0, 0, 3, 3, 0, 0], [0, 3, 3, 3, 3, 3], [3, 0, 0, 0, 3, 0], [0, 0, 3, 3, 3, 3]], "output": [[0, 3, 0, 8, 8, 8], [0, 0, 8, 8, 0, 0], [0, 8, 8, 8, 8, 8], [3, 0, 0, 0, 8, 0], [0, 0, 8, 8, 8, 8]]}, {"input": [[0, 0, 3], [3, 0, 0], [3, 0, 3], [3, 3, 3]], "output": [[0, 0, 3], [8, 0, 0], [8, 0, 8], [8, 8, 8]]}, {"input": [[0, 0, 0, 0, 3], [3, 0, 0, 0, 3], [3, 3, 3, 3, 3], [0, 0, 0, 3, 3]], "output": [[0, 0, 0, 0, 8], [8, 0, 0, 0, 8], [8, 8, 8, 8, 8], [0, 0, 0, 8, 8]]}, {"input": [[3, 3, 0, 3], [3, 0, 0, 3], [3, 0, 3, 0], [0, 3, 3, 0]], "output": [[8, 8, 0, 8], [8, 0, 0, 8], [8, 0, 8, 0], [0, 8, 8, 0]]}, {"input": [[0, 3, 3, 0, 0, 0], [3, 3, 0, 3, 3, 3], [3, 3, 0, 0, 0, 0], [3, 3, 3, 0, 3, 0]], "output": [[0, 8, 8, 0, 0, 0], [8, 8, 0, 8, 8, 8], [8, 8, 0, 0, 0, 0], [8, 8, 8, 0, 3, 0]]}, {"input": [[0, 3, 0, 0, 3, 3], [3, 3, 3, 3, 0, 3], [0, 0, 3, 3, 3, 0]], "output": [[0, 8, 0, 0, 8, 8], [8, 8, 8, 8, 0, 8], [0, 0, 8, 8, 8, 0]]}, {"input": [[3, 3, 3, 3], [3, 0, 0, 0], [0, 3, 0, 0], [0, 0, 0, 3], [3, 3, 0, 0]], "output": [[8, 8, 8, 8], [8, 0, 0, 0], [0, 3, 0, 0], [0, 0, 0, 3], [8, 8, 0, 0]]}, {"input": [[3, 3, 3, 3, 3], [0, 0, 3, 3, 3], [3, 3, 0, 0, 3], [0, 3, 3, 3, 3], [3, 0, 3, 0, 3], [0, 3, 0, 3, 3]], "output": [[8, 8, 8, 8, 8], [0, 0, 8, 8, 8], [8, 8, 0, 0, 8], [0, 8, 8, 8, 8], [3, 0, 8, 0, 8], [0, 3, 0, 8, 8]]}, {"input": [[3, 3, 3, 3, 3, 3], [3, 3, 0, 0, 3, 0], [3, 0, 3, 0, 0, 3], [3, 3, 3, 0, 0, 0], [3, 3, 3, 0, 0, 3], [3, 3, 3, 0, 0, 0]], "output": [[8, 8, 8, 8, 8, 8], [8, 8, 0, 0, 8, 0], [8, 0, 8, 0, 0, 3], [8, 8, 8, 0, 0, 0], [8, 8, 8, 0, 0, 3], [8, 8, 8, 0, 0, 0]]}, {"input": [[3, 3, 3, 3, 0, 3], [3, 0, 3, 3, 0, 3], [0, 0, 0, 0, 0, 0], [3, 0, 0, 3, 0, 0], [0, 0, 3, 3, 3, 0]], "output": [[8, 8, 8, 8, 0, 8], [8, 0, 8, 8, 0, 8], [0, 0, 0, 0, 0, 0], [3, 0, 0, 8, 0, 0], [0, 0, 8, 8, 8, 0]]}, {"input": [[3, 0, 0], [3, 3, 0], [3, 0, 0], [0, 0, 3], [0, 3, 0]], "output": [[8, 0, 0], [8, 8, 0], [8, 0, 0], [0, 0, 3], [0, 3, 0]]}, {"input": [[0, 3, 3, 0, 0], [3, 0, 0, 3, 3], [3, 0, 3, 0, 0], [3, 0, 0, 0, 3], [0, 0, 3, 3, 0], [0, 0, 3, 0, 3]], "output": [[0, 8, 8, 0, 0], [8, 0, 0, 8, 8], [8, 0, 3, 0, 0], [8, 0, 0, 0, 3], [0, 0, 8, 8, 0], [0, 0, 8, 0, 3]]}, {"input": [[0, 0, 0], [3, 0, 3], [0, 3, 3]], "output": [[0, 0, 0], [3, 0, 8], [0, 8, 8]]}, {"input": [[3, 3, 3], [3, 3, 0], [3, 3, 0], [3, 0, 3], [3, 3, 0], [0, 0, 3]], "output": [[8, 8, 8], [8, 8, 0], [8, 8, 0], [8, 0, 3], [8, 8, 0], [0, 0, 3]]}, {"input": [[3, 0, 0, 3], [0, 3, 3, 0], [3, 3, 0, 0]], "output": [[3, 0, 0, 3], [0, 8, 8, 0], [8, 8, 0, 0]]}, {"input": [[3, 3, 3, 3, 0, 0], [3, 3, 0, 3, 0, 0], [0, 0, 0, 3, 3, 3], [0, 0, 3, 0, 3, 0]], "output": [[8, 8, 8, 8, 0, 0], [8, 8, 0, 8, 0, 0], [0, 0, 0, 8, 8, 8], [0, 0, 3, 0, 8, 0]]}, {"input": [[0, 3, 0, 0, 3], [3, 0, 0, 3, 3], [3, 3, 0, 0, 0], [3, 3, 3, 0, 0], [3, 0, 3, 3, 3], [0, 3, 3, 0, 3]], "output": [[0, 3, 0, 0, 8], [8, 0, 0, 8, 8], [8, 8, 0, 0, 0], [8, 8, 8, 0, 0], [8, 0, 8, 8, 8], [0, 8, 8, 0, 8]]}, {"input": [[3, 0, 0, 0, 0], [0, 0, 0, 3, 0], [3, 0, 3, 0, 0], [3, 3, 3, 0, 0]], "output": [[3, 0, 0, 0, 0], [0, 0, 0, 3, 0], [8, 0, 8, 0, 0], [8, 8, 8, 0, 0]]}, {"input": [[3, 0, 0, 0, 3], [3, 3, 0, 3, 3], [0, 3, 3, 0, 3]], "output": [[8, 0, 0, 0, 8], [8, 8, 0, 8, 8], [0, 8, 8, 0, 8]]}, {"input": [[3, 0, 3], [0, 0, 0], [0, 0, 3], [0, 3, 3], [3, 0, 0]], "output": [[3, 0, 3], [0, 0, 0], [0, 0, 8], [0, 8, 8], [3, 0, 0]]}, {"input": [[3, 3, 0, 3], [0, 3, 3, 0], [3, 0, 0, 3], [3, 3, 0, 3]], "output": [[8, 8, 0, 3], [0, 8, 8, 0], [8, 0, 0, 8], [8, 8, 0, 8]]}, {"input": [[0, 0, 3, 0], [3, 0, 3, 0], [0, 3, 3, 3], [0, 0, 3, 3], [0, 3, 0, 3], [0, 3, 0, 3]], "output": [[0, 0, 8, 0], [3, 0, 8, 0], [0, 8, 8, 8], [0, 0, 8, 8], [0, 8, 0, 8], [0, 8, 0, 8]]}, {"input": [[3, 0, 0, 3, 3, 0], [3, 0, 0, 0, 0, 0], [3, 0, 0, 3, 0, 3], [3, 3, 3, 3, 3, 3]], "output": [[8, 0, 0, 8, 8, 0], [8, 0, 0, 0, 0, 0], [8, 0, 0, 8, 0, 8], [8, 8, 8, 8, 8, 8]]}, {"input": [[3, 3, 3, 0, 0], [0, 0, 3, 3, 3], [0, 0, 0, 0, 0], [0, 3, 3, 0, 0]], "output": [[8, 8, 8, 0, 0], [0, 0, 8, 8, 8], [0, 0, 0, 0, 0], [0, 8, 8, 0, 0]]}, {"input": [[3, 3, 3, 3, 3, 0], [3, 0, 3, 0, 3, 0], [3, 0, 3, 0, 3, 0], [3, 3, 3, 0, 0, 0], [0, 3, 3, 0, 3, 3], [0, 0, 3, 0, 0, 0]], "output": [[8, 8, 8, 8, 8, 0], [8, 0, 8, 0, 8, 0], [8, 0, 8, 0, 8, 0], [8, 8, 8, 0, 0, 0], [0, 8, 8, 0, 8, 8], [0, 0, 8, 0, 0, 0]]}, {"input": [[3, 0, 3], [3, 0, 3], [0, 3, 3], [3, 0, 0]], "output": [[8, 0, 8], [8, 0, 8], [0, 8, 8], [3, 0, 0]]}, {"input": [[3, 3, 0, 3, 3], [3, 0, 0, 0, 0], [0, 3, 0, 3, 3], [3, 3, 0, 0, 0], [0, 3, 3, 0, 0], [0, 3, 3, 0, 3]], "output": [[8, 8, 0, 8, 8], [8, 0, 0, 0, 0], [0, 8, 0, 8, 8], [8, 8, 0, 0, 0], [0, 8, 8, 0, 0], [0, 8, 8, 0, 3]]}, {"input": [[3, 3, 0], [0, 3, 0], [0, 3, 3], [3, 3, 3], [0, 3, 0], [0, 0, 3]], "output": [[8, 8, 0], [0, 8, 0], [0, 8, 8], [8, 8, 8], [0, 8, 0], [0, 0, 3]]}, {"input": [[3, 0, 3], [3, 0, 0], [0, 3, 0], [0, 3, 0], [3, 3, 3]], "output": [[8, 0, 3], [8, 0, 0], [0, 8, 0], [0, 8, 0], [8, 8, 8]]}, {"input": [[0, 3, 0, 3], [3, 0, 3, 3], [3, 0, 3, 3], [3, 3, 0, 3]], "output": [[0, 3, 0, 8], [8, 0, 8, 8], [8, 0, 8, 8], [8, 8, 0, 8]]}, {"input": [[3, 0, 0, 0, 0], [3, 0, 0, 3, 3], [3, 3, 3, 0, 3], [0, 3, 3, 0, 3], [3, 0, 0, 3, 0]], "output": [[8, 0, 0, 0, 0], [8, 0, 0, 8, 8], [8, 8, 8, 0, 8], [0, 8, 8, 0, 8], [3, 0, 0, 3, 0]]}, {"input": [[3, 3, 3, 3], [0, 3, 0, 3], [0, 0, 0, 3], [3, 3, 3, 3]], "output": [[8, 8, 8, 8], [0, 8, 0, 8], [0, 0, 0, 8], [8, 8, 8, 8]]}, {"input": [[3, 0, 3, 3], [3, 0, 3, 0], [3, 3, 0, 3], [0, 3, 0, 3], [0, 0, 0, 0], [0, 0, 3, 3]], "output": [[8, 0, 8, 8], [8, 0, 8, 0], [8, 8, 0, 8], [0, 8, 0, 8], [0, 0, 0, 0], [0, 0, 8, 8]]}, {"input": [[0, 0, 0, 3, 0, 3], [3, 3, 3, 3, 0, 0], [3, 3, 3, 0, 0, 0], [0, 3, 3, 0, 3, 3], [0, 3, 0, 0, 0, 0], [0, 0, 3, 3, 3, 3]], "output": [[0, 0, 0, 8, 0, 3], [8, 8, 8, 8, 0, 0], [8, 8, 8, 0, 0, 0], [0, 8, 8, 0, 8, 8], [0, 8, 0, 0, 0, 0], [0, 0, 8, 8, 8, 8]]}, {"input": [[0, 3, 0, 0], [0, 3, 3, 0], [0, 3, 0, 3], [3, 0, 0, 0], [3, 3, 0, 0]], "output": [[0, 8, 0, 0], [0, 8, 8, 0], [0, 8, 0, 3], [8, 0, 0, 0], [8, 8, 0, 0]]}, {"input": [[3, 3, 3, 3, 3, 3], [0, 0, 3, 0, 3, 3], [3, 0, 3, 0, 3, 0], [3, 0, 0, 3, 3, 3]], "output": [[8, 8, 8, 8, 8, 8], [0, 0, 8, 0, 8, 8], [8, 0, 8, 0, 8, 0], [8, 0, 0, 8, 8, 8]]}, {"input": [[0, 0, 0, 0], [0, 3, 3, 0], [0, 3, 3, 0]], "output": [[0, 0, 0, 0], [0, 8, 8, 0], [0, 8, 8, 0]]}, {"input": [[0, 3, 3, 3, 0, 3], [0, 3, 0, 0, 0, 3], [3, 0, 3, 3, 3, 3], [3, 0, 0, 3, 3, 3], [0, 3, 3, 3, 3, 0], [0, 0, 3, 3, 0, 3]], "output": [[0, 8, 8, 8, 0, 8], [0, 8, 0, 0, 0, 8], [8, 0, 8, 8, 8, 8], [8, 0, 0, 8, 8, 8], [0, 8, 8, 8, 8, 0], [0, 0, 8, 8, 0, 3]]}, {"input": [[3, 0, 0, 3, 3, 0], [3, 3, 0, 0, 0, 3], [0, 0, 0, 3, 0, 3]], "output": [[8, 0, 0, 8, 8, 0], [8, 8, 0, 0, 0, 8], [0, 0, 0, 3, 0, 8]]}, {"input": [[0, 3, 3], [0, 0, 3], [0, 3, 3]], "output": [[0, 8, 8], [0, 0, 8], [0, 8, 8]]}, {"input": [[3, 0, 0, 0, 0], [0, 0, 3, 3, 0], [3, 0, 0, 0, 3]], "output": [[3, 0, 0, 0, 0], [0, 0, 8, 8, 0], [3, 0, 0, 0, 3]]}, {"input": [[0, 3, 0], [0, 0, 3], [3, 0, 3], [3, 0, 0], [0, 3, 0]], "output": [[0, 3, 0], [0, 0, 8], [8, 0, 8], [8, 0, 0], [0, 3, 0]]}, {"input": [[3, 3, 3], [3, 0, 0], [3, 0, 0], [0, 0, 3]], "output": [[8, 8, 8], [8, 0, 0], [8, 0, 0], [0, 0, 3]]}, {"input": [[3, 0, 0, 0], [3, 0, 3, 0], [3, 0, 3, 3], [3, 0, 0, 3], [3, 3, 3, 3], [3, 0, 0, 0]], "output": [[8, 0, 0, 0], [8, 0, 8, 0], [8, 0, 8, 8], [8, 0, 0, 8], [8, 8, 8, 8], [8, 0, 0, 0]]}, {"input": [[0, 0, 0, 3], [3, 3, 3, 0], [3, 0, 0, 3], [0, 3, 3, 3], [0, 0, 3, 0]], "output": [[0, 0, 0, 3], [8, 8, 8, 0], [8, 0, 0, 8], [0, 8, 8, 8], [0, 0, 8, 0]]}, {"input": [[3, 3, 3, 3, 3, 0], [0, 3, 3, 3, 0, 3], [3, 0, 0, 0, 0, 0], [3, 0, 0, 3, 0, 0], [3, 3, 3, 3, 0, 0]], "output": [[8, 8, 8, 8, 8, 0], [0, 8, 8, 8, 0, 3], [8, 0, 0, 0, 0, 0], [8, 0, 0, 8, 0, 0], [8, 8, 8, 8, 0, 0]]}, {"input": [[3, 0, 0, 0, 3, 0], [3, 0, 3, 3, 3, 3], [0, 0, 0, 0, 3, 0]], "output": [[8, 0, 0, 0, 8, 0], [8, 0, 8, 8, 8, 8], [0, 0, 0, 0, 8, 0]]}, {"input": [[3, 0, 0], [3, 0, 0], [3, 3, 0], [0, 0, 3], [3, 0, 3]], "output": [[8, 0, 0], [8, 0, 0], [8, 8, 0], [0, 0, 8], [3, 0, 8]]}, {"input": [[0, 0, 3, 0, 0, 0], [0, 0, 0, 3, 0, 3], [3, 3, 0, 0, 0, 0], [0, 3, 3, 3, 0, 3], [0, 3, 0, 0, 0, 3]], "output": [[0, 0, 3, 0, 0, 0], [0, 0, 0, 3, 0, 3], [8, 8, 0, 0, 0, 0], [0, 8, 8, 8, 0, 8], [0, 8, 0, 0, 0, 8]]}, {"input": [[0, 3, 3], [3, 3, 0], [0, 0, 0], [3, 0, 0]], "output": [[0, 8, 8], [8, 8, 0], [0, 0, 0], [3, 0, 0]]}, {"input": [[0, 3, 3, 3], [3, 0, 3, 3], [0, 0, 3, 3]], "output": [[0, 8, 8, 8], [3, 0, 8, 8], [0, 0, 8, 8]]}, {"input": [[0, 3, 0, 3, 0], [3, 3, 3, 0, 3], [0, 3, 0, 0, 0], [3, 3, 3, 0, 0], [3, 0, 3, 0, 3]], "output": [[0, 8, 0, 3, 0], [8, 8, 8, 0, 3], [0, 8, 0, 0, 0], [8, 8, 8, 0, 0], [8, 0, 8, 0, 3]]}, {"input": [[3, 3, 3, 3, 0], [3, 0, 3, 0, 3], [3, 3, 0, 0, 0], [0, 0, 0, 0, 3], [0, 0, 0, 0, 0]], "output": [[8, 8, 8, 8, 0], [8, 0, 8, 0, 3], [8, 8, 0, 0, 0], [0, 0, 0, 0, 3], [0, 0, 0, 0, 0]]}, {"input": [[0, 3, 3, 3], [0, 0, 3, 3], [3, 3, 0, 0]], "output": [[0, 8, 8, 8], [0, 0, 8, 8], [8, 8, 0, 0]]}, {"input": [[3, 0, 0, 3, 3], [3, 3, 3, 3, 0], [0, 0, 0, 3, 0], [0, 3, 0, 0, 3], [3, 3, 0, 0, 0]], "output": [[8, 0, 0, 8, 8], [8, 8, 8, 8, 0], [0, 0, 0, 8, 0], [0, 8, 0, 0, 3], [8, 8, 0, 0, 0]]}, {"input": [[3, 0, 3, 0, 3, 3], [0, 3, 3, 0, 3, 3], [0, 3, 0, 0, 0, 3], [3, 0, 3, 3, 3, 3]], "output": [[3, 0, 8, 0, 8, 8], [0, 8, 8, 0, 8, 8], [0, 8, 0, 0, 0, 8], [3, 0, 8, 8, 8, 8]]}, {"input": [[3, 0, 3, 3], [0, 0, 3, 3], [3, 3, 0, 0]], "output": [[3, 0, 8, 8], [0, 0, 8, 8], [8, 8, 0, 0]]}, {"input": [[0, 3, 0, 0], [0, 3, 0, 0], [0, 3, 3, 3]], "output": [[0, 8, 0, 0], [0, 8, 0, 0], [0, 8, 8, 8]]}, {"input": [[3, 0, 0, 3, 0, 0], [3, 3, 0, 3, 3, 0], [0, 0, 0, 3, 3, 0], [3, 3, 0, 0, 3, 0], [0, 3, 3, 0, 0, 3]], "output": [[8, 0, 0, 8, 0, 0], [8, 8, 0, 8, 8, 0], [0, 0, 0, 8, 8, 0], [8, 8, 0, 0, 8, 0], [0, 8, 8, 0, 0, 3]]}, {"input": [[3, 3, 3, 0, 0, 3], [0, 0, 3, 3, 3, 0], [0, 0, 0, 0, 0, 0]], "output": [[8, 8, 8, 0, 0, 3], [0, 0, 8, 8, 8, 0], [0, 0, 0, 0, 0, 0]]}, {"input": [[3, 3, 0, 3], [0, 3, 0, 3], [3, 0, 3, 0], [3, 0, 3, 0], [0, 0, 3, 0]], "output": [[8, 8, 0, 8], [0, 8, 0, 8], [8, 0, 8, 0], [8, 0, 8, 0], [0, 0, 8, 0]]}, {"input": [[3, 3, 0, 3], [3, 0, 0, 3], [3, 3, 0, 0], [0, 0, 0, 3], [0, 3, 3, 0]], "output": [[8, 8, 0, 8], [8, 0, 0, 8], [8, 8, 0, 0], [0, 0, 0, 3], [0, 8, 8, 0]]}, {"input": [[0, 3, 0, 3, 0, 0], [0, 0, 0, 0, 0, 0], [0, 3, 3, 3, 0, 0]], "output": [[0, 3, 0, 3, 0, 0], [0, 0, 0, 0, 0, 0], [0, 8, 8, 8, 0, 0]]}, {"input": [[0, 0, 3], [3, 0, 3], [3, 3, 0], [3, 3, 0], [3, 0, 0]], "output": [[0, 0, 8], [8, 0, 8], [8, 8, 0], [8, 8, 0], [8, 0, 0]]}, {"input": [[3, 3, 3, 3, 3, 3], [3, 0, 0, 0, 0, 3], [3, 3, 3, 3, 3, 3], [3, 0, 0, 0, 0, 0], [0, 3, 0, 0, 3, 3]], "output": [[8, 8, 8, 8, 8, 8], [8, 0, 0, 0, 0, 8], [8, 8, 8, 8, 8, 8], [8, 0, 0, 0, 0, 0], [0, 3, 0, 0, 8, 8]]}, {"input": [[0, 0, 0, 0, 0], [3, 3, 3, 0, 0], [0, 0, 0, 0, 0], [3, 0, 0, 0, 3], [0, 3, 0, 0, 0], [3, 3, 0, 3, 3]], "output": [[0, 0, 0, 0, 0], [8, 8, 8, 0, 0], [0, 0, 0, 0, 0], [3, 0, 0, 0, 3], [0, 8, 0, 0, 0], [8, 8, 0, 8, 8]]}, {"input": [[3, 0, 0, 3, 3, 3], [0, 0, 0, 0, 3, 3], [0, 3, 3, 0, 0, 0], [3, 3, 3, 3, 3, 0]], "output": [[3, 0, 0, 8, 8, 8], [0, 0, 0, 0, 8, 8], [0, 8, 8, 0, 0, 0], [8, 8, 8, 8, 8, 0]]}, {"input": [[0, 3, 3], [3, 0, 3], [3, 0, 0]], "output": [[0, 8, 8], [8, 0, 8], [8, 0, 0]]}, {"input": [[3, 3, 0, 0, 0, 0], [0, 0, 3, 3, 0, 3], [3, 3, 3, 3, 3, 3], [0, 3, 0, 0, 3, 0], [3, 0, 3, 0, 0, 3], [0, 3, 3, 3, 3, 3]], "output": [[8, 8, 0, 0, 0, 0], [0, 0, 8, 8, 0, 8], [8, 8, 8, 8, 8, 8], [0, 8, 0, 0, 8, 0], [3, 0, 8, 0, 0, 8], [0, 8, 8, 8, 8, 8]]}, {"input": [[0, 0, 3], [0, 3, 0], [0, 0, 0], [3, 3, 0]], "output": [[0, 0, 3], [0, 3, 0], [0, 0, 0], [8, 8, 0]]}, {"input": [[3, 0, 3, 0, 0, 0], [3, 3, 0, 0, 0, 0], [3, 3, 0, 0, 0, 3], [0, 0, 0, 0, 0, 3]], "output": [[8, 0, 3, 0, 0, 0], [8, 8, 0, 0, 0, 0], [8, 8, 0, 0, 0, 8], [0, 0, 0, 0, 0, 8]]}, {"input": [[0, 3, 3, 0, 0], [3, 0, 3, 0, 0], [3, 3, 3, 0, 0], [0, 0, 0, 0, 3], [0, 0, 3, 0, 0], [0, 0, 3, 0, 0]], "output": [[0, 8, 8, 0, 0], [8, 0, 8, 0, 0], [8, 8, 8, 0, 0], [0, 0, 0, 0, 3], [0, 0, 8, 0, 0], [0, 0, 8, 0, 0]]}, {"input": [[0, 0, 0, 3, 0, 0], [3, 3, 0, 3, 3, 3], [0, 0, 0, 0, 0, 3], [3, 3, 3, 0, 3, 3], [0, 0, 3, 0, 0, 0]], "output": [[0, 0, 0, 8, 0, 0], [8, 8, 0, 8, 8, 8], [0, 0, 0, 0, 0, 8], [8, 8, 8, 0, 8, 8], [0, 0, 8, 0, 0, 0]]}, {"input": [[0, 3, 3, 3, 3], [3, 0, 0, 0, 0], [3, 3, 3, 3, 3]], "output": [[0, 8, 8, 8, 8], [8, 0, 0, 0, 0], [8, 8, 8, 8, 8]]}, {"input": [[3, 0, 0, 0, 0], [3, 0, 0, 3, 0], [3, 0, 0, 0, 3], [0, 0, 3, 0, 3], [3, 0, 3, 3, 3], [3, 3, 3, 3, 0]], "output": [[8, 0, 0, 0, 0], [8, 0, 0, 3, 0], [8, 0, 0, 0, 8], [0, 0, 8, 0, 8], [8, 0, 8, 8, 8], [8, 8, 8, 8, 0]]}, {"input": [[0, 0, 3], [0, 0, 0], [3, 3, 3], [0, 0, 0], [0, 3, 3]], "output": [[0, 0, 3], [0, 0, 0], [8, 8, 8], [0, 0, 0], [0, 8, 8]]}, {"input": [[3, 3, 0, 3, 0, 3], [0, 3, 0, 0, 0, 3], [3, 0, 3, 3, 0, 0], [0, 3, 0, 0, 0, 0], [0, 0, 3, 3, 0, 0], [3, 3, 0, 3, 3, 3]], "output": [[8, 8, 0, 3, 0, 8], [0, 8, 0, 0, 0, 8], [3, 0, 8, 8, 0, 0], [0, 3, 0, 0, 0, 0], [0, 0, 8, 8, 0, 0], [8, 8, 0, 8, 8, 8]]}, {"input": [[0, 0, 3, 0, 3, 0], [0, 0, 0, 0, 3, 0], [0, 0, 3, 0, 0, 3], [0, 0, 3, 3, 0, 3], [0, 0, 3, 0, 3, 3]], "output": [[0, 0, 3, 0, 8, 0], [0, 0, 0, 0, 8, 0], [0, 0, 8, 0, 0, 8], [0, 0, 8, 8, 0, 8], [0, 0, 8, 0, 8, 8]]}, {"input": [[3, 3, 3, 0, 0], [0, 3, 0, 0, 3], [3, 3, 3, 0, 0], [0, 3, 3, 3, 3]], "output": [[8, 8, 8, 0, 0], [0, 8, 0, 0, 3], [8, 8, 8, 0, 0], [0, 8, 8, 8, 8]]}, {"input": [[0, 0, 0, 0, 3, 0], [0, 0, 3, 0, 3, 3], [0, 3, 3, 3, 0, 0], [0, 3, 3, 3, 0, 0], [3, 3, 3, 0, 3, 3], [0, 0, 0, 0, 0, 3]], "output": [[0, 0, 0, 0, 8, 0], [0, 0, 8, 0, 8, 8], [0, 8, 8, 8, 0, 0], [0, 8, 8, 8, 0, 0], [8, 8, 8, 0, 8, 8], [0, 0, 0, 0, 0, 8]]}, {"input": [[0, 0, 0], [0, 0, 3], [3, 3, 3], [3, 0, 3], [0, 3, 3], [3, 3, 3]], "output": [[0, 0, 0], [0, 0, 8], [8, 8, 8], [8, 0, 8], [0, 8, 8], [8, 8, 8]]}, {"input": [[3, 0, 3], [0, 3, 0], [0, 3, 0]], "output": [[3, 0, 3], [0, 8, 0], [0, 8, 0]]}, {"input": [[3, 3, 0, 0, 3], [0, 0, 0, 3, 0], [0, 0, 3, 0, 0], [0, 0, 0, 0, 3]], "output": [[8, 8, 0, 0, 3], [0, 0, 0, 3, 0], [0, 0, 3, 0, 0], [0, 0, 0, 0, 3]]}, {"input": [[0, 3, 0, 3, 3, 0], [3, 0, 0, 3, 3, 0], [0, 0, 3, 3, 0, 3], [0, 0, 0, 3, 3, 0], [0, 0, 3, 3, 3, 0]], "output": [[0, 3, 0, 8, 8, 0], [3, 0, 0, 8, 8, 0], [0, 0, 8, 8, 0, 3], [0, 0, 0, 8, 8, 0], [0, 0, 8, 8, 8, 0]]}, {"input": [[0, 0, 0, 3], [0, 0, 0, 0], [0, 3, 0, 0], [0, 3, 3, 0], [3, 3, 3, 0], [0, 3, 3, 0]], "output": [[0, 0, 0, 3], [0, 0, 0, 0], [0, 8, 0, 0], [0, 8, 8, 0], [8, 8, 8, 0], [0, 8, 8, 0]]}, {"input": [[3, 0, 3, 3], [0, 3, 0, 3], [3, 0, 3, 3], [0, 0, 0, 3], [0, 0, 3, 3]], "output": [[3, 0, 8, 8], [0, 3, 0, 8], [3, 0, 8, 8], [0, 0, 0, 8], [0, 0, 8, 8]]}, {"input": [[0, 3, 3, 3], [3, 0, 3, 0], [3, 3, 0, 0], [3, 0, 3, 0], [0, 0, 3, 3], [3, 3, 3, 0]], "output": [[0, 8, 8, 8], [8, 0, 8, 0], [8, 8, 0, 0], [8, 0, 8, 0], [0, 0, 8, 8], [8, 8, 8, 0]]}, {"input": [[0, 3, 0], [0, 3, 0], [3, 0, 3]], "output": [[0, 8, 0], [0, 8, 0], [3, 0, 3]]}, {"input": [[3, 3, 0, 3, 0], [3, 3, 0, 0, 0], [0, 0, 3, 0, 0], [3, 3, 3, 0, 0]], "output": [[8, 8, 0, 3, 0], [8, 8, 0, 0, 0], [0, 0, 8, 0, 0], [8, 8, 8, 0, 0]]}, {"input": [[3, 0, 3, 0], [0, 3, 3, 0], [3, 3, 0, 3]], "output": [[3, 0, 8, 0], [0, 8, 8, 0], [8, 8, 0, 3]]}, {"input": [[3, 3, 0], [3, 0, 3], [0, 0, 3], [0, 0, 3], [0, 3, 0]], "output": [[8, 8, 0], [8, 0, 8], [0, 0, 8], [0, 0, 8], [0, 3, 0]]}, {"input": [[3, 0, 3], [3, 3, 0], [0, 0, 3], [3, 0, 3], [0, 3, 3], [0, 3, 0]], "output": [[8, 0, 3], [8, 8, 0], [0, 0, 8], [3, 0, 8], [0, 8, 8], [0, 8, 0]]}, {"input": [[0, 0, 0, 3, 3], [0, 3, 3, 0, 3], [0, 0, 3, 0, 0], [3, 3, 0, 0, 0], [3, 3, 0, 0, 3], [3, 0, 3, 3, 0]], "output": [[0, 0, 0, 8, 8], [0, 8, 8, 0, 8], [0, 0, 8, 0, 0], [8, 8, 0, 0, 0], [8, 8, 0, 0, 3], [8, 0, 8, 8, 0]]}, {"input": [[0, 3, 0, 3], [3, 3, 3, 0], [3, 0, 0, 3], [3, 3, 0, 0], [0, 3, 0, 3], [0, 0, 3, 0]], "output": [[0, 8, 0, 3], [8, 8, 8, 0], [8, 0, 0, 3], [8, 8, 0, 0], [0, 8, 0, 3], [0, 0, 3, 0]]}, {"input": [[3, 3, 0, 3, 0], [3, 3, 3, 3, 0], [3, 3, 3, 3, 3], [3, 3, 3, 0, 3], [0, 3, 0, 0, 0]], "output": [[8, 8, 0, 8, 0], [8, 8, 8, 8, 0], [8, 8, 8, 8, 8], [8, 8, 8, 0, 8], [0, 8, 0, 0, 0]]}, {"input": [[0, 3, 0, 3, 3, 0], [0, 0, 0, 0, 0, 3], [0, 3, 0, 0, 3, 3]], "output": [[0, 3, 0, 8, 8, 0], [0, 0, 0, 0, 0, 8], [0, 3, 0, 0, 8, 8]]}, {"input": [[3, 3, 0], [0, 0, 0], [3, 0, 3], [0, 3, 0]], "output": [[8, 8, 0], [0, 0, 0], [3, 0, 3], [0, 3, 0]]}, {"input": [[0, 3, 3, 0, 3], [0, 0, 0, 3, 3], [0, 3, 0, 0, 0]], "output": [[0, 8, 8, 0, 8], [0, 0, 0, 8, 8], [0, 3, 0, 0, 0]]}, {"input": [[3, 0, 0], [3, 3, 0], [0, 3, 0], [0, 0, 3], [3, 0, 0]], "output": [[8, 0, 0], [8, 8, 0], [0, 8, 0], [0, 0, 3], [3, 0, 0]]}, {"input": [[0, 3, 3], [0, 0, 3], [3, 3, 3], [0, 3, 3], [0, 0, 0]], "output": [[0, 8, 8], [0, 0, 8], [8, 8, 8], [0, 8, 8], [0, 0, 0]]}, {"input": [[0, 3, 0, 3, 3], [3, 3, 0, 0, 3], [3, 3, 3, 3, 0], [3, 0, 0, 0, 0], [3, 3, 3, 3, 3]], "output": [[0, 8, 0, 8, 8], [8, 8, 0, 0, 8], [8, 8, 8, 8, 0], [8, 0, 0, 0, 0], [8, 8, 8, 8, 8]]}, {"input": [[0, 3, 0], [0, 3, 0], [3, 0, 3], [3, 3, 3], [3, 0, 3], [0, 3, 3]], "output": [[0, 8, 0], [0, 8, 0], [8, 0, 8], [8, 8, 8], [8, 0, 8], [0, 8, 8]]}, {"input": [[3, 0, 0, 3, 0], [0, 3, 3, 0, 3], [0, 0, 0, 3, 3]], "output": [[3, 0, 0, 3, 0], [0, 8, 8, 0, 8], [0, 0, 0, 8, 8]]}, {"input": [[0, 3, 0, 3], [3, 0, 3, 0], [3, 3, 3, 0], [3, 0, 0, 3], [3, 0, 3, 3]], "output": [[0, 3, 0, 3], [8, 0, 8, 0], [8, 8, 8, 0], [8, 0, 0, 8], [8, 0, 8, 8]]}, {"input": [[3, 3, 0, 3, 0], [3, 3, 0, 3, 0], [3, 0, 0, 0, 3], [3, 3, 3, 3, 3]], "output": [[8, 8, 0, 8, 0], [8, 8, 0, 8, 0], [8, 0, 0, 0, 8], [8, 8, 8, 8, 8]]}, {"input": [[0, 3, 3], [3, 0, 3], [3, 0, 0], [3, 0, 0], [0, 3, 0], [3, 3, 3]], "output": [[0, 8, 8], [8, 0, 8], [8, 0, 0], [8, 0, 0], [0, 8, 0], [8, 8, 8]]}, {"input": [[0, 0, 3, 0, 3, 0], [3, 3, 3, 0, 3, 0], [3, 3, 3, 0, 3, 3], [0, 0, 3, 3, 3, 3]], "output": [[0, 0, 8, 0, 8, 0], [8, 8, 8, 0, 8, 0], [8, 8, 8, 0, 8, 8], [0, 0, 8, 8, 8, 8]]}, {"input": [[3, 3, 3, 3], [0, 0, 0, 0], [3, 3, 0, 3]], "output": [[8, 8, 8, 8], [0, 0, 0, 0], [8, 8, 0, 3]]}, {"input": [[0, 3, 3], [3, 0, 0], [3, 3, 3], [0, 3, 0], [3, 3, 3]], "output": [[0, 8, 8], [8, 0, 0], [8, 8, 8], [0, 8, 0], [8, 8, 8]]}, {"input": [[3, 0, 3], [3, 0, 0], [0, 0, 0]], "output": [[8, 0, 3], [8, 0, 0], [0, 0, 0]]}, {"input": [[3, 0, 0], [0, 0, 3], [0, 0, 3]], "output": [[3, 0, 0], [0, 0, 8], [0, 0, 8]]}, {"input": [[3, 3, 0], [3, 0, 3], [0, 3, 3]], "output": [[8, 8, 0], [8, 0, 8], [0, 8, 8]]}, {"input": [[0, 3, 0, 0, 3], [3, 3, 0, 3, 0], [0, 3, 3, 3, 0]], "output": [[0, 8, 0, 0, 3], [8, 8, 0, 8, 0], [0, 8, 8, 8, 0]]}, {"input": [[0, 3, 0, 3], [0, 0, 0, 0], [0, 0, 3, 3], [0, 3, 3, 3], [3, 0, 0, 3], [3, 0, 3, 3]], "output": [[0, 3, 0, 3], [0, 0, 0, 0], [0, 0, 8, 8], [0, 8, 8, 8], [8, 0, 0, 8], [8, 0, 8, 8]]}, {"input": [[0, 0, 0], [3, 3, 0], [0, 0, 3]], "output": [[0, 0, 0], [8, 8, 0], [0, 0, 3]]}, {"input": [[3, 0, 3, 0, 3], [0, 0, 0, 0, 3], [3, 3, 3, 0, 3], [0, 3, 0, 0, 3], [3, 0, 0, 3, 3], [3, 3, 0, 0, 3]], "output": [[3, 0, 3, 0, 8], [0, 0, 0, 0, 8], [8, 8, 8, 0, 8], [0, 8, 0, 0, 8], [8, 0, 0, 8, 8], [8, 8, 0, 0, 8]]}, {"input": [[0, 0, 3], [3, 3, 0], [0, 0, 3]], "output": [[0, 0, 3], [8, 8, 0], [0, 0, 3]]}, {"input": [[3, 3, 3], [0, 3, 3], [3, 3, 0], [0, 3, 0], [3, 3, 3]], "output": [[8, 8, 8], [0, 8, 8], [8, 8, 0], [0, 8, 0], [8, 8, 8]]}, {"input": [[0, 0, 0, 0, 3, 0], [3, 3, 3, 3, 3, 3], [0, 3, 3, 3, 0, 3], [3, 0, 0, 0, 3, 0], [0, 3, 0, 3, 3, 3], [3, 0, 0, 0, 3, 0]], "output": [[0, 0, 0, 0, 8, 0], [8, 8, 8, 8, 8, 8], [0, 8, 8, 8, 0, 8], [3, 0, 0, 0, 8, 0], [0, 3, 0, 8, 8, 8], [3, 0, 0, 0, 8, 0]]}, {"input": [[0, 0, 3, 3, 0], [0, 3, 0, 3, 0], [3, 0, 0, 0, 0], [0, 0, 0, 0, 0], [0, 0, 3, 3, 0]], "output": [[0, 0, 8, 8, 0], [0, 3, 0, 8, 0], [3, 0, 0, 0, 0], [0, 0, 0, 0, 0], [0, 0, 8, 8, 0]]}, {"input": [[3, 3, 0], [3, 0, 0], [0, 3, 0], [3, 3, 0]], "output": [[8, 8, 0], [8, 0, 0], [0, 8, 0], [8, 8, 0]]}, {"input": [[3, 3, 3], [3, 3, 0], [3, 0, 3], [3, 0, 3], [3, 0, 3], [0, 3, 3]], "output": [[8, 8, 8], [8, 8, 0], [8, 0, 8], [8, 0, 8], [8, 0, 8], [0, 8, 8]]}, {"input": [[3, 3, 0], [0, 0, 3], [0, 3, 3], [3, 3, 0], [3, 0, 3]], "output": [[8, 8, 0], [0, 0, 8], [0, 8, 8], [8, 8, 0], [8, 0, 3]]}, {"input": [[0, 3, 0], [3, 3, 3], [0, 3, 3], [0, 0, 3], [0, 0, 0]], "output": [[0, 8, 0], [8, 8, 8], [0, 8, 8], [0, 0, 8], [0, 0, 0]]}, {"input": [[3, 0, 3, 3], [0, 3, 0, 3], [0, 0, 0, 3], [0, 0, 3, 3]], "output": [[3, 0, 8, 8], [0, 3, 0, 8], [0, 0, 0, 8], [0, 0, 8, 8]]}, {"input": [[3, 0, 0, 3, 0], [3, 3, 3, 0, 3], [3, 3, 3, 3, 3], [3, 3, 3, 3, 0], [0, 0, 0, 0, 0], [0, 3, 0, 0, 0]], "output": [[8, 0, 0, 3, 0], [8, 8, 8, 0, 8], [8, 8, 8, 8, 8], [8, 8, 8, 8, 0], [0, 0, 0, 0, 0], [0, 3, 0, 0, 0]]}, {"input": [[0, 3, 3, 3, 0], [0, 3, 3, 0, 0], [0, 0, 0, 0, 0], [0, 3, 3, 3, 0], [0, 0, 0, 3, 3], [3, 0, 3, 0, 3]], "output": [[0, 8, 8, 8, 0], [0, 8, 8, 0, 0], [0, 0, 0, 0, 0], [0, 8, 8, 8, 0], [0, 0, 0, 8, 8], [3, 0, 3, 0, 8]]}, {"input": [[0, 0, 3, 0], [0, 3, 3, 0], [0, 3, 0, 3], [3, 0, 0, 0]], "output": [[0, 0, 8, 0], [0, 8, 8, 0], [0, 8, 0, 3], [3, 0, 0, 0]]}, {"input": [[3, 0, 0, 3, 3], [3, 3, 3, 0, 0], [0, 0, 3, 0, 3], [0, 0, 0, 0, 0]], "output": [[8, 0, 0, 8, 8], [8, 8, 8, 0, 0], [0, 0, 8, 0, 3], [0, 0, 0, 0, 0]]}, {"input": [[3, 3, 3, 3], [3, 0, 0, 0], [3, 3, 3, 0], [3, 0, 0, 0], [3, 0, 3, 3]], "output": [[8, 8, 8, 8], [8, 0, 0, 0], [8, 8, 8, 0], [8, 0, 0, 0], [8, 0, 8, 8]]}, {"input": [[0, 0, 0], [3, 3, 0], [0, 0, 0], [0, 0, 3], [0, 3, 0]], "output": [[0, 0, 0], [8, 8, 0], [0, 0, 0], [0, 0, 3], [0, 3, 0]]}, {"input": [[3, 3, 0], [3, 3, 0], [3, 0, 3], [0, 0, 3]], "output": [[8, 8, 0], [8, 8, 0], [8, 0, 8], [0, 0, 8]]}, {"input": [[0, 0, 0, 3, 3, 3], [3, 3, 0, 3, 3, 3], [0, 0, 0, 0, 0, 3], [3, 0, 0, 0, 3, 0]], "output": [[0, 0, 0, 8, 8, 8], [8, 8, 0, 8, 8, 8], [0, 0, 0, 0, 0, 8], [3, 0, 0, 0, 3, 0]]}, {"input": [[3, 3, 3, 3, 0, 0], [0, 3, 0, 0, 0, 0], [3, 3, 3, 3, 0, 0]], "output": [[8, 8, 8, 8, 0, 0], [0, 8, 0, 0, 0, 0], [8, 8, 8, 8, 0, 0]]}, {"input": [[0, 3, 0, 3], [3, 3, 3, 3], [0, 0, 0, 0], [3, 0, 3, 3], [3, 0, 3, 3]], "output": [[0, 8, 0, 8], [8, 8, 8, 8], [0, 0, 0, 0], [8, 0, 8, 8], [8, 0, 8, 8]]}, {"input": [[3, 3, 0, 0, 3], [3, 3, 0, 3, 3], [0, 0, 3, 0, 3]], "output": [[8, 8, 0, 0, 8], [8, 8, 0, 8, 8], [0, 0, 3, 0, 8]]}, {"input": [[0, 0, 0, 0], [0, 0, 0, 0], [3, 3, 0, 0]], "output": [[0, 0, 0, 0], [0, 0, 0, 0], [8, 8, 0, 0]]}, {"input": [[3, 3, 3, 3], [3, 3, 0, 0], [3, 0, 3, 3], [0, 3, 0, 3], [3, 0, 3, 0]], "output": [[8, 8, 8, 8], [8, 8, 0, 0], [8, 0, 8, 8], [0, 3, 0, 8], [3, 0, 3, 0]]}, {"input": [[3, 3, 3], [3, 0, 3], [3, 0, 0]], "output": [[8, 8, 8], [8, 0, 8], [8, 0, 0]]}, {"input": [[3, 3, 0, 0, 0], [3, 0, 3, 3, 3], [0, 3, 0, 3, 3], [0, 3, 3, 0, 3], [0, 3, 0, 3, 0]], "output": [[8, 8, 0, 0, 0], [8, 0, 8, 8, 8], [0, 8, 0, 8, 8], [0, 8, 8, 0, 8], [0, 8, 0, 3, 0]]}, {"input": [[3, 0, 3, 0, 0], [3, 3, 0, 0, 0], [3, 0, 0, 0, 3], [0, 3, 3, 3, 3], [0, 0, 3, 0, 0]], "output": [[8, 0, 3, 0, 0], [8, 8, 0, 0, 0], [8, 0, 0, 0, 8], [0, 8, 8, 8, 8], [0, 0, 8, 0, 0]]}, {"input": [[3, 0, 3, 3, 0, 0], [3, 3, 0, 0, 3, 3], [3, 0, 0, 3, 3, 0], [0, 3, 3, 3, 3, 3]], "output": [[8, 0, 8, 8, 0, 0], [8, 8, 0, 0, 8, 8], [8, 0, 0, 8, 8, 0], [0, 8, 8, 8, 8, 8]]}, {"input": [[0, 3, 3, 0], [3, 0, 3, 0], [3, 0, 3, 3], [0, 0, 0, 3], [0, 0, 0, 0]], "output": [[0, 8, 8, 0], [8, 0, 8, 0], [8, 0, 8, 8], [0, 0, 0, 8], [0, 0, 0, 0]]}, {"input": [[0, 0, 0], [0, 0, 3], [3, 0, 3], [3, 0, 0]], "output": [[0, 0, 0], [0, 0, 8], [8, 0, 8], [8, 0, 0]]}, {"input": [[0, 0, 3], [3, 3, 0], [0, 3, 0], [0, 3, 0], [0, 3, 3]], "output": [[0, 0, 3], [8, 8, 0], [0, 8, 0], [0, 8, 0], [0, 8, 8]]}, {"input": [[3, 3, 3], [3, 3, 3], [0, 0, 0]], "output": [[8, 8, 8], [8, 8, 8], [0, 0, 0]]}, {"input": [[3, 0, 0], [0, 0, 0], [0, 3, 3]], "output": [[3, 0, 0], [0, 0, 0], [0, 8, 8]]}, {"input": [[0, 0, 3, 3, 3], [0, 3, 0, 3, 0], [3, 0, 0, 0, 0], [3, 3, 0, 3, 0], [0, 3, 0, 3, 3]], "output": [[0, 0, 8, 8, 8], [0, 3, 0, 8, 0], [8, 0, 0, 0, 0], [8, 8, 0, 8, 0], [0, 8, 0, 8, 8]]}, {"input": [[0, 0, 0, 0], [3, 3, 0, 3], [3, 3, 3, 0], [0, 3, 3, 0]], "output": [[0, 0, 0, 0], [8, 8, 0, 3], [8, 8, 8, 0], [0, 8, 8, 0]]}, {"input": [[3, 3, 0], [3, 0, 0], [0, 3, 3]], "output": [[8, 8, 0], [8, 0, 0], [0, 8, 8]]}, {"input": [[0, 3, 0, 0], [3, 0, 0, 0], [3, 3, 3, 3]], "output": [[0, 3, 0, 0], [8, 0, 0, 0], [8, 8, 8, 8]]}, {"input": [[0, 3, 0, 0, 0], [0, 0, 3, 0, 3], [3, 0, 3, 0, 3]], "output": [[0, 3, 0, 0, 0], [0, 0, 8, 0, 8], [3, 0, 8, 0, 8]]}, {"input": [[0, 0, 3, 3, 0], [3, 3, 0, 0, 3], [0, 3, 0, 0, 0], [0, 3, 3, 0, 3], [3, 3, 0, 0, 0]], "output": [[0, 0, 8, 8, 0], [8, 8, 0, 0, 3], [0, 8, 0, 0, 0], [0, 8, 8, 0, 3], [8, 8, 0, 0, 0]]}, {"input": [[3, 0, 3, 3, 3, 0], [3, 3, 0, 0, 0, 0], [3, 0, 0, 0, 3, 0], [3, 0, 0, 3, 3, 0], [3, 3, 0, 0, 3, 0], [3, 3, 3, 0, 3, 0]], "output": [[8, 0, 8, 8, 8, 0], [8, 8, 0, 0, 0, 0], [8, 0, 0, 0, 8, 0], [8, 0, 0, 8, 8, 0], [8, 8, 0, 0, 8, 0], [8, 8, 8, 0, 8, 0]]}, {"input": [[3, 3, 0, 3, 0], [0, 3, 0, 3, 0], [3, 3, 3, 0, 0], [3, 3, 0, 0, 3], [3, 0, 0, 3, 0], [0, 3, 3, 0, 3]], "output": [[8, 8, 0, 8, 0], [0, 8, 0, 8, 0], [8, 8, 8, 0, 0], [8, 8, 0, 0, 3], [8, 0, 0, 3, 0], [0, 8, 8, 0, 3]]}, {"input": [[3, 3, 3, 3, 0, 3], [3, 3, 3, 0, 0, 0], [0, 0, 0, 0, 3, 3]], "output": [[8, 8, 8, 8, 0, 3], [8, 8, 8, 0, 0, 0], [0, 0, 0, 0, 8, 8]]}, {"input": [[3, 3, 0], [0, 3, 3], [0, 3, 0], [0, 0, 3]], "output": [[8, 8, 0], [0, 8, 8], [0, 8, 0], [0, 0, 3]]}, {"input": [[3, 3, 3, 0], [0, 0, 3, 0], [0, 3, 3, 0], [3, 3, 3, 3], [0, 3, 3, 0], [3, 0, 0, 3]], "output": [[8, 8, 8, 0], [0, 0, 8, 0], [0, 8, 8, 0], [8, 8, 8, 8], [0, 8, 8, 0], [3, 0, 0, 3]]}, {"input": [[0, 0, 3], [3, 3, 0], [0, 0, 3], [3, 3, 3], [0, 0, 3]], "output": [[0, 0, 3], [8, 8, 0], [0, 0, 8], [8, 8, 8], [0, 0, 8]]}, {"input": [[0, 0, 3], [3, 3, 3], [3, 3, 3], [0, 3, 0]], "output": [[0, 0, 8], [8, 8, 8], [8, 8, 8], [0, 8, 0]]}, {"input": [[0, 0, 3, 3, 0], [0, 3, 0, 3, 0], [3, 3, 3, 0, 0]], "output": [[0, 0, 8, 8, 0], [0, 8, 0, 8, 0], [8, 8, 8, 0, 0]]}, {"input": [[3, 0, 3, 3, 0], [0, 3, 3, 0, 0], [3, 0, 3, 3, 3], [0, 3, 0, 0, 3]], "output": [[3, 0, 8, 8, 0], [0, 8, 8, 0, 0], [3, 0, 8, 8, 8], [0, 3, 0, 0, 8]]}, {"input": [[3, 0, 0, 3, 3, 3], [3, 3, 3, 0, 3, 3], [3, 0, 0, 3, 0, 0], [3, 3, 0, 0, 3, 0], [3, 3, 0, 0, 0, 3], [0, 0, 3, 3, 3, 3]], "output": [[8, 0, 0, 8, 8, 8], [8, 8, 8, 0, 8, 8], [8, 0, 0, 3, 0, 0], [8, 8, 0, 0, 3, 0], [8, 8, 0, 0, 0, 8], [0, 0, 8, 8, 8, 8]]}, {"input": [[3, 0, 0], [0, 3, 3], [3, 0, 0]], "output": [[3, 0, 0], [0, 8, 8], [3, 0, 0]]}, {"input": [[3, 0, 3, 3], [3, 0, 3, 3], [3, 0, 0, 3], [0, 3, 0, 0], [3, 0, 0, 0]], "output": [[8, 0, 8, 8], [8, 0, 8, 8], [8, 0, 0, 8], [0, 3, 0, 0], [3, 0, 0, 0]]}, {"input": [[0, 3, 0, 3, 3, 3], [0, 3, 3, 3, 0, 0], [3, 3, 3, 0, 3, 0], [0, 3, 3, 0, 0, 3], [3, 3, 0, 0, 0, 3], [3, 3, 0, 0, 3, 3]], "output": [[0, 8, 0, 8, 8, 8], [0, 8, 8, 8, 0, 0], [8, 8, 8, 0, 3, 0], [0, 8, 8, 0, 0, 8], [8, 8, 0, 0, 0, 8], [8, 8, 0, 0, 8, 8]]}, {"input": [[0, 0, 3, 3], [3, 0, 3, 3], [3, 0, 3, 3]], "output": [[0, 0, 8, 8], [8, 0, 8, 8], [8, 0, 8, 8]]}, {"input": [[0, 3, 0], [0, 3, 3], [0, 3, 3], [3, 0, 3]], "output": [[0, 8, 0], [0, 8, 8], [0, 8, 8], [3, 0, 8]]}, {"input": [[3, 3, 3], [0, 0, 0], [0, 0, 0], [3, 3, 3], [3, 3, 0]], "output": [[8, 8, 8], [0, 0, 0], [0, 0, 0], [8, 8, 8], [8, 8, 0]]}, {"input": [[0, 0, 0], [0, 3, 3], [3, 0, 0]], "output": [[0, 0, 0], [0, 8, 8], [3, 0, 0]]}, {"input": [[3, 0, 0], [0, 3, 3], [0, 3, 0], [3, 0, 3], [0, 3, 3], [3, 3, 0]], "output": [[3, 0, 0], [0, 8, 8], [0, 8, 0], [3, 0, 8], [0, 8, 8], [8, 8, 0]]}, {"input": [[0, 3, 0], [0, 0, 3], [0, 0, 0], [0, 3, 0], [3, 3, 3]], "output": [[0, 3, 0], [0, 0, 3], [0, 0, 0], [0, 8, 0], [8, 8, 8]]}, {"input": [[3, 0, 3, 3, 3], [0, 0, 0, 0, 0], [3, 3, 0, 0, 0]], "output": [[3, 0, 8, 8, 8], [0, 0, 0, 0, 0], [8, 8, 0, 0, 0]]}, {"input": [[3, 3, 0, 0, 0], [3, 0, 0, 3, 0], [0, 3, 3, 3, 0], [3, 0, 0, 0, 3]], "output": [[8, 8, 0, 0, 0], [8, 0, 0, 8, 0], [0, 8, 8, 8, 0], [3, 0, 0, 0, 3]]}, {"input": [[3, 0, 0, 3], [0, 0, 0, 3], [3, 0, 3, 3], [3, 3, 3, 3], [0, 0, 3, 3]], "output": [[3, 0, 0, 8], [0, 0, 0, 8], [8, 0, 8, 8], [8, 8, 8, 8], [0, 0, 8, 8]]}, {"input": [[0, 3, 0], [3, 3, 0], [0, 3, 3], [0, 0, 3], [3, 0, 3], [3, 3, 0]], "output": [[0, 8, 0], [8, 8, 0], [0, 8, 8], [0, 0, 8], [8, 0, 8], [8, 8, 0]]}, {"input": [[3, 0, 3], [3, 3, 3], [0, 3, 0]], "output": [[8, 0, 8], [8, 8, 8], [0, 8, 0]]}, {"input": [[3, 0, 0], [0, 3, 3], [3, 0, 0], [0, 0, 3], [3, 0, 0], [0, 0, 3]], "output": [[3, 0, 0], [0, 8, 8], [3, 0, 0], [0, 0, 3], [3, 0, 0], [0, 0, 3]]}, {"input": [[3, 0, 3], [3, 0, 0], [0, 3, 0], [3, 3, 3], [3, 3, 3]], "output": [[8, 0, 3], [8, 0, 0], [0, 8, 0], [8, 8, 8], [8, 8, 8]]}, {"input": [[3, 3, 0, 3], [0, 0, 0, 3], [0, 0, 3, 3], [3, 3, 0, 3], [3, 3, 3, 3]], "output": [[8, 8, 0, 8], [0, 0, 0, 8], [0, 0, 8, 8], [8, 8, 0, 8], [8, 8, 8, 8]]}, {"input": [[0, 0, 3, 0], [3, 0, 0, 0], [3, 0, 0, 3], [3, 3, 3, 3], [3, 3, 3, 0]], "output": [[0, 0, 3, 0], [8, 0, 0, 0], [8, 0, 0, 8], [8, 8, 8, 8], [8, 8, 8, 0]]}, {"input": [[0, 3, 3, 0, 0], [3, 3, 3, 3, 0], [0, 3, 0, 0, 3], [3, 3, 3, 3, 0], [3, 0, 0, 0, 0], [3, 3, 0, 0, 0]], "output": [[0, 8, 8, 0, 0], [8, 8, 8, 8, 0], [0, 8, 0, 0, 3], [8, 8, 8, 8, 0], [8, 0, 0, 0, 0], [8, 8, 0, 0, 0]]}, {"input": [[0, 0, 3, 0, 3], [3, 3, 0, 0, 3], [3, 3, 0, 0, 3], [0, 3, 0, 0, 3], [0, 3, 0, 0, 0]], "output": [[0, 0, 3, 0, 8], [8, 8, 0, 0, 8], [8, 8, 0, 0, 8], [0, 8, 0, 0, 8], [0, 8, 0, 0, 0]]}, {"input": [[0, 3, 0, 0, 3, 0], [3, 0, 3, 3, 0, 3], [0, 3, 3, 0, 0, 3], [3, 0, 0, 3, 0, 0], [0, 0, 3, 0, 0, 0]], "output": [[0, 3, 0, 0, 3, 0], [3, 0, 8, 8, 0, 8], [0, 8, 8, 0, 0, 8], [3, 0, 0, 3, 0, 0], [0, 0, 3, 0, 0, 0]]}, {"input": [[0, 3, 0, 3, 3], [3, 0, 0, 0, 3], [3, 3, 3, 3, 0], [0, 0, 3, 3, 3]], "output": [[0, 3, 0, 8, 8], [8, 0, 0, 0, 8], [8, 8, 8, 8, 0], [0, 0, 8, 8, 8]]}, {"input": [[3, 0, 3], [3, 3, 0], [3, 3, 3]], "output": [[8, 0, 3], [8, 8, 0], [8, 8, 8]]}, {"input": [[0, 0, 0], [0, 3, 0], [3, 3, 3], [3, 0, 3], [3, 3, 3], [3, 0, 0]], "output": [[0, 0, 0], [0, 8, 0], [8, 8, 8], [8, 0, 8], [8, 8, 8], [8, 0, 0]]}, {"input": [[3, 3, 0, 3, 0], [3, 3, 3, 0, 0], [3, 3, 3, 0, 0], [3, 3, 0, 0, 3], [3, 0, 3, 0, 3], [0, 3, 3, 0, 0]], "output": [[8, 8, 0, 3, 0], [8, 8, 8, 0, 0], [8, 8, 8, 0, 0], [8, 8, 0, 0, 8], [8, 0, 8, 0, 8], [0, 8, 8, 0, 0]]}, {"input": [[3, 0, 3, 0, 0, 0], [3, 3, 0, 0, 0, 3], [3, 3, 0, 3, 3, 0], [3, 0, 0, 3, 0, 3]], "output": [[8, 0, 3, 0, 0, 0], [8, 8, 0, 0, 0, 3], [8, 8, 0, 8, 8, 0], [8, 0, 0, 8, 0, 3]]}, {"input": [[3, 3, 0, 3, 0], [0, 0, 0, 0, 3], [0, 0, 3, 3, 0]], "output": [[8, 8, 0, 3, 0], [0, 0, 0, 0, 3], [0, 0, 8, 8, 0]]}, {"input": [[3, 3, 3, 3], [0, 3, 3, 3], [3, 3, 3, 0]], "output": [[8, 8, 8, 8], [0, 8, 8, 8], [8, 8, 8, 0]]}, {"input": [[0, 3, 0, 3, 3, 3], [3, 0, 0, 0, 0, 3], [3, 3, 0, 0, 3, 0], [0, 0, 3, 3, 3, 0], [3, 0, 3, 0, 0, 0], [3, 0, 0, 0, 0, 0]], "output": [[0, 3, 0, 8, 8, 8], [8, 0, 0, 0, 0, 8], [8, 8, 0, 0, 8, 0], [0, 0, 8, 8, 8, 0], [8, 0, 8, 0, 0, 0], [8, 0, 0, 0, 0, 0]]}, {"input": [[3, 0, 0, 0, 0], [3, 3, 3, 0, 3], [0, 3, 3, 3, 3], [3, 3, 3, 0, 0]], "output": [[8, 0, 0, 0, 0], [8, 8, 8, 0, 8], [0, 8, 8, 8, 8], [8, 8, 8, 0, 0]]}, {"input": [[0, 0, 0, 0, 3], [0, 3, 3, 3, 3], [3, 3, 0, 0, 3]], "output": [[0, 0, 0, 0, 8], [0, 8, 8, 8, 8], [8, 8, 0, 0, 8]]}, {"input": [[0, 3, 3], [0, 0, 0], [3, 0, 3], [0, 0, 0], [0, 3, 3], [3, 3, 3]], "output": [[0, 8, 8], [0, 0, 0], [3, 0, 3], [0, 0, 0], [0, 8, 8], [8, 8, 8]]}, {"input": [[3, 3, 0, 0, 0], [3, 3, 0, 3, 0], [0, 0, 0, 3, 3], [0, 0, 0, 0, 0], [0, 3, 0, 0, 0]], "output": [[8, 8, 0, 0, 0], [8, 8, 0, 8, 0], [0, 0, 0, 8, 8], [0, 0, 0, 0, 0], [0, 3, 0, 0, 0]]}, {"input": [[0, 0, 0, 0, 3], [0, 0, 0, 0, 3], [3, 3, 3, 0, 0]], "output": [[0, 0, 0, 0, 8], [0, 0, 0, 0, 8], [8, 8, 8, 0, 0]]}, {"input": [[3, 3, 3, 0, 0, 3], [3, 3, 0, 3, 0, 3], [0, 3, 3, 3, 0, 3], [3, 0, 0, 0, 0, 3]], "output": [[8, 8, 8, 0, 0, 8], [8, 8, 0, 8, 0, 8], [0, 8, 8, 8, 0, 8], [3, 0, 0, 0, 0, 8]]}, {"input": [[3, 3, 3, 3], [0, 3, 3, 0], [3, 3, 3, 0], [3, 0, 0, 3]], "output": [[8, 8, 8, 8], [0, 8, 8, 0], [8, 8, 8, 0], [8, 0, 0, 3]]}, {"input": [[0, 0, 3, 0, 3], [3, 3, 0, 0, 3], [0, 0, 3, 3, 0]], "output": [[0, 0, 3, 0, 8], [8, 8, 0, 0, 8], [0, 0, 8, 8, 0]]}, {"input": [[0, 3, 3, 0, 0, 3], [0, 0, 3, 3, 3, 3], [0, 3, 0, 3, 0, 3], [3, 0, 0, 3, 3, 0]], "output": [[0, 8, 8, 0, 0, 8], [0, 0, 8, 8, 8, 8], [0, 3, 0, 8, 0, 8], [3, 0, 0, 8, 8, 0]]}, {"input": [[3, 3, 3, 3], [0, 3, 0, 3], [3, 0, 0, 0], [0, 3, 3, 0]], "output": [[8, 8, 8, 8], [0, 8, 0, 8], [3, 0, 0, 0], [0, 8, 8, 0]]}, {"input": [[3, 0, 0], [3, 3, 0], [0, 0, 0]], "output": [[8, 0, 0], [8, 8, 0], [0, 0, 0]]}]}