{"train": [{"input": [[2, 1, 0, 0, 0, 0, 1, 3], [1, 1, 1, 1, 1, 1, 1, 1], [0, 1, 0, 8, 0, 0, 1, 0], [0, 1, 8, 8, 0, 8, 1, 0], [0, 1, 0, 0, 8, 0, 1, 0], [0, 1, 8, 0, 8, 8, 1, 0], [1, 1, 1, 1, 1, 1, 1, 1], [4, 1, 0, 0, 0, 0, 1, 6]], "output": [[0, 2, 0, 0], [2, 2, 0, 3], [0, 0, 6, 0], [4, 0, 6, 6]]}, {"input": [[9, 1, 0, 0, 1, 4], [1, 1, 1, 1, 1, 1], [0, 1, 8, 8, 1, 0], [0, 1, 8, 0, 1, 0], [1, 1, 1, 1, 1, 1], [2, 1, 0, 0, 1, 3]], "output": [[9, 4], [2, 0]]}, {"input": [[6, 1, 0, 0, 0, 0, 1, 2], [1, 1, 1, 1, 1, 1, 1, 1], [0, 1, 0, 8, 0, 8, 1, 0], [0, 1, 8, 8, 8, 0, 1, 0], [0, 1, 8, 0, 8, 8, 1, 0], [0, 1, 8, 8, 8, 0, 1, 0], [1, 1, 1, 1, 1, 1, 1, 1], [7, 1, 0, 0, 0, 0, 1, 4]], "output": [[0, 6, 0, 2], [6, 6, 2, 0], [7, 0, 4, 4], [7, 7, 4, 0]]}], "test": [{"input": [[3, 1, 0, 0, 0, 0, 0, 0, 1, 4], [1, 1, 1, 1, 1, 1, 1, 1, 1, 1], [0, 1, 0, 8, 8, 0, 0, 0, 1, 0], [0, 1, 8, 8, 8, 0, 8, 0, 1, 0], [0, 1, 0, 0, 8, 0, 8, 0, 1, 0], [0, 1, 0, 8, 0, 8, 8, 0, 1, 0], [0, 1, 8, 8, 0, 8, 0, 8, 1, 0], [0, 1, 0, 8, 0, 0, 8, 0, 1, 0], [1, 1, 1, 1, 1, 1, 1, 1, 1, 1], [7, 1, 0, 0, 0, 0, 0, 0, 1, 5]], "output": [[0, 3, 3, 0, 0, 0], [3, 3, 3, 0, 4, 0], [0, 0, 3, 0, 4, 0], [0, 7, 0, 5, 5, 0], [7, 7, 0, 5, 0, 5], [0, 7, 0, 0, 5, 0]]}], "arc-gen": [{"input": [[5, 1, 0, 0, 0, 0, 0, 0, 1, 6], [1, 1, 1, 1, 1, 1, 1, 1, 1, 1], [0, 1, 8, 0, 0, 0, 8, 8, 1, 0], [0, 1, 8, 8, 8, 8, 8, 8, 1, 0], [0, 1, 8, 0, 0, 8, 0, 0, 1, 0], [0, 1, 8, 8, 0, 0, 8, 8, 1, 0], [0, 1, 0, 8, 8, 8, 8, 0, 1, 0], [0, 1, 8, 8, 0, 8, 0, 0, 1, 0], [1, 1, 1, 1, 1, 1, 1, 1, 1, 1], [3, 1, 0, 0, 0, 0, 0, 0, 1, 4]], "output": [[5, 0, 0, 0, 6, 6], [5, 5, 5, 6, 6, 6], [5, 0, 0, 6, 0, 0], [3, 3, 0, 0, 4, 4], [0, 3, 3, 4, 4, 0], [3, 3, 0, 4, 0, 0]]}, {"input": [[3, 1, 0, 0, 1, 6], [1, 1, 1, 1, 1, 1], [0, 1, 8, 0, 1, 0], [0, 1, 0, 0, 1, 0], [1, 1, 1, 1, 1, 1], [7, 1, 0, 0, 1, 5]], "output": [[3, 0], [0, 0]]}, {"input": [[7, 1, 0, 0, 1, 3], [1, 1, 1, 1, 1, 1], [0, 1, 0, 8, 1, 0], [0, 1, 0, 0, 1, 0], [1, 1, 1, 1, 1, 1], [5, 1, 0, 0, 1, 9]], "output": [[0, 3], [0, 0]]}, {"input": [[5, 1, 0, 0, 0, 0, 1, 6], [1, 1, 1, 1, 1, 1, 1, 1], [0, 1, 0, 0, 8, 8, 1, 0], [0, 1, 8, 8, 8, 0, 1, 0], [0, 1, 0, 0, 0, 0, 1, 0], [0, 1, 8, 0, 8, 8, 1, 0], [1, 1, 1, 1, 1, 1, 1, 1], [3, 1, 0, 0, 0, 0, 1, 4]], "output": [[0, 0, 6, 6], [5, 5, 6, 0], [0, 0, 0, 0], [3, 0, 4, 4]]}, {"input": [[5, 1, 0, 0, 0, 0, 0, 0, 1, 4], [1, 1, 1, 1, 1, 1, 1, 1, 1, 1], [0, 1, 8, 0, 8, 8, 0, 8, 1, 0], [0, 1, 0, 8, 8, 0, 0, 8, 1, 0], [0, 1, 8, 0, 0, 8, 8, 0, 1, 0], [0, 1, 8, 8, 0, 8, 0, 8, 1, 0], [0, 1, 8, 0, 0, 0, 0, 0, 1, 0], [0, 1, 0, 8, 8, 8, 8, 8, 1, 0], [1, 1, 1, 1, 1, 1, 1, 1, 1, 1], [9, 1, 0, 0, 0, 0, 0, 0, 1, 3]], "output": [[5, 0, 5, 4, 0, 4], [0, 5, 5, 0, 0, 4], [5, 0, 0, 4, 4, 0], [9, 9, 0, 3, 0, 3], [9, 0, 0, 0, 0, 0], [0, 9, 9, 3, 3, 3]]}, {"input": [[6, 1, 0, 0, 0, 0, 1, 9], [1, 1, 1, 1, 1, 1, 1, 1], [0, 1, 8, 0, 8, 0, 1, 0], [0, 1, 0, 8, 8, 0, 1, 0], [0, 1, 0, 0, 8, 0, 1, 0], [0, 1, 8, 0, 8, 8, 1, 0], [1, 1, 1, 1, 1, 1, 1, 1], [7, 1, 0, 0, 0, 0, 1, 5]], "output": [[6, 0, 9, 0], [0, 6, 9, 0], [0, 0, 5, 0], [7, 0, 5, 5]]}, {"input": [[6, 1, 0, 0, 0, 0, 0, 0, 1, 2], [1, 1, 1, 1, 1, 1, 1, 1, 1, 1], [0, 1, 8, 8, 8, 8, 0, 8, 1, 0], [0, 1, 8, 8, 0, 8, 8, 8, 1, 0], [0, 1, 0, 8, 8, 8, 8, 8, 1, 0], [0, 1, 8, 8, 8, 0, 0, 8, 1, 0], [0, 1, 8, 0, 8, 0, 0, 8, 1, 0], [0, 1, 0, 0, 0, 8, 8, 8, 1, 0], [1, 1, 1, 1, 1, 1, 1, 1, 1, 1], [4, 1, 0, 0, 0, 0, 0, 0, 1, 9]], "output": [[6, 6, 6, 2, 0, 2], [6, 6, 0, 2, 2, 2], [0, 6, 6, 2, 2, 2], [4, 4, 4, 0, 0, 9], [4, 0, 4, 0, 0, 9], [0, 0, 0, 9, 9, 9]]}, {"input": [[9, 1, 0, 0, 1, 5], [1, 1, 1, 1, 1, 1], [0, 1, 0, 0, 1, 0], [0, 1, 0, 8, 1, 0], [1, 1, 1, 1, 1, 1], [3, 1, 0, 0, 1, 6]], "output": [[0, 0], [0, 6]]}, {"input": [[9, 1, 0, 0, 0, 0, 1, 2], [1, 1, 1, 1, 1, 1, 1, 1], [0, 1, 8, 8, 0, 0, 1, 0], [0, 1, 0, 0, 0, 0, 1, 0], [0, 1, 8, 8, 0, 0, 1, 0], [0, 1, 8, 8, 8, 0, 1, 0], [1, 1, 1, 1, 1, 1, 1, 1], [7, 1, 0, 0, 0, 0, 1, 3]], "output": [[9, 9, 0, 0], [0, 0, 0, 0], [7, 7, 0, 0], [7, 7, 3, 0]]}, {"input": [[4, 1, 0, 0, 1, 2], [1, 1, 1, 1, 1, 1], [0, 1, 8, 0, 1, 0], [0, 1, 0, 0, 1, 0], [1, 1, 1, 1, 1, 1], [3, 1, 0, 0, 1, 7]], "output": [[4, 0], [0, 0]]}, {"input": [[4, 1, 0, 0, 0, 0, 1, 7], [1, 1, 1, 1, 1, 1, 1, 1], [0, 1, 0, 0, 8, 0, 1, 0], [0, 1, 0, 0, 8, 0, 1, 0], [0, 1, 0, 0, 8, 8, 1, 0], [0, 1, 0, 8, 8, 8, 1, 0], [1, 1, 1, 1, 1, 1, 1, 1], [6, 1, 0, 0, 0, 0, 1, 9]], "output": [[0, 0, 7, 0], [0, 0, 7, 0], [0, 0, 9, 9], [0, 6, 9, 9]]}, {"input": [[2, 1, 0, 0, 1, 5], [1, 1, 1, 1, 1, 1], [0, 1, 0, 0, 1, 0], [0, 1, 8, 8, 1, 0], [1, 1, 1, 1, 1, 1], [7, 1, 0, 0, 1, 9]], "output": [[0, 0], [7, 9]]}, {"input": [[7, 1, 0, 0, 0, 0, 1, 6], [1, 1, 1, 1, 1, 1, 1, 1], [0, 1, 0, 0, 8, 8, 1, 0], [0, 1, 8, 0, 8, 8, 1, 0], [0, 1, 8, 0, 0, 0, 1, 0], [0, 1, 0, 0, 8, 0, 1, 0], [1, 1, 1, 1, 1, 1, 1, 1], [2, 1, 0, 0, 0, 0, 1, 4]], "output": [[0, 0, 6, 6], [7, 0, 6, 6], [2, 0, 0, 0], [0, 0, 4, 0]]}, {"input": [[6, 1, 0, 0, 1, 2], [1, 1, 1, 1, 1, 1], [0, 1, 0, 8, 1, 0], [0, 1, 0, 0, 1, 0], [1, 1, 1, 1, 1, 1], [3, 1, 0, 0, 1, 9]], "output": [[0, 2], [0, 0]]}, {"input": [[5, 1, 0, 0, 0, 0, 0, 0, 1, 4], [1, 1, 1, 1, 1, 1, 1, 1, 1, 1], [0, 1, 0, 0, 0, 0, 0, 0, 1, 0], [0, 1, 8, 0, 0, 0, 0, 0, 1, 0], [0, 1, 0, 0, 8, 0, 8, 0, 1, 0], [0, 1, 0, 0, 8, 8, 8, 0, 1, 0], [0, 1, 8, 8, 0, 0, 8, 0, 1, 0], [0, 1, 0, 8, 8, 8, 8, 8, 1, 0], [1, 1, 1, 1, 1, 1, 1, 1, 1, 1], [2, 1, 0, 0, 0, 0, 0, 0, 1, 9]], "output": [[0, 0, 0, 0, 0, 0], [5, 0, 0, 0, 0, 0], [0, 0, 5, 0, 4, 0], [0, 0, 2, 9, 9, 0], [2, 2, 0, 0, 9, 0], [0, 2, 2, 9, 9, 9]]}, {"input": [[7, 1, 0, 0, 0, 0, 1, 4], [1, 1, 1, 1, 1, 1, 1, 1], [0, 1, 0, 8, 0, 8, 1, 0], [0, 1, 8, 0, 8, 0, 1, 0], [0, 1, 8, 0, 8, 8, 1, 0], [0, 1, 0, 8, 0, 8, 1, 0], [1, 1, 1, 1, 1, 1, 1, 1], [3, 1, 0, 0, 0, 0, 1, 2]], "output": [[0, 7, 0, 4], [7, 0, 4, 0], [3, 0, 2, 2], [0, 3, 0, 2]]}, {"input": [[3, 1, 0, 0, 1, 2], [1, 1, 1, 1, 1, 1], [0, 1, 8, 0, 1, 0], [0, 1, 8, 8, 1, 0], [1, 1, 1, 1, 1, 1], [6, 1, 0, 0, 1, 9]], "output": [[3, 0], [6, 9]]}, {"input": [[6, 1, 0, 0, 0, 0, 1, 4], [1, 1, 1, 1, 1, 1, 1, 1], [0, 1, 0, 8, 8, 8, 1, 0], [0, 1, 0, 8, 0, 0, 1, 0], [0, 1, 8, 8, 8, 0, 1, 0], [0, 1, 0, 8, 0, 8, 1, 0], [1, 1, 1, 1, 1, 1, 1, 1], [3, 1, 0, 0, 0, 0, 1, 2]], "output": [[0, 6, 4, 4], [0, 6, 0, 0], [3, 3, 2, 0], [0, 3, 0, 2]]}, {"input": [[5, 1, 0, 0, 0, 0, 1, 4], [1, 1, 1, 1, 1, 1, 1, 1], [0, 1, 0, 8, 0, 0, 1, 0], [0, 1, 0, 0, 0, 8, 1, 0], [0, 1, 8, 0, 0, 0, 1, 0], [0, 1, 8, 8, 8, 0, 1, 0], [1, 1, 1, 1, 1, 1, 1, 1], [7, 1, 0, 0, 0, 0, 1, 6]], "output": [[0, 5, 0, 0], [0, 0, 0, 4], [7, 0, 0, 0], [7, 7, 6, 0]]}, {"input": [[6, 1, 0, 0, 1, 2], [1, 1, 1, 1, 1, 1], [0, 1, 0, 8, 1, 0], [0, 1, 0, 8, 1, 0], [1, 1, 1, 1, 1, 1], [7, 1, 0, 0, 1, 5]], "output": [[0, 2], [0, 5]]}, {"input": [[5, 1, 0, 0, 1, 3], [1, 1, 1, 1, 1, 1], [0, 1, 8, 0, 1, 0], [0, 1, 0, 8, 1, 0], [1, 1, 1, 1, 1, 1], [7, 1, 0, 0, 1, 9]], "output": [[5, 0], [0, 9]]}, {"input": [[3, 1, 0, 0, 0, 0, 0, 0, 1, 6], [1, 1, 1, 1, 1, 1, 1, 1, 1, 1], [0, 1, 8, 8, 8, 0, 8, 8, 1, 0], [0, 1, 0, 8, 8, 0, 8, 0, 1, 0], [0, 1, 0, 0, 8, 0, 8, 8, 1, 0], [0, 1, 8, 8, 0, 0, 8, 0, 1, 0], [0, 1, 0, 0, 8, 8, 0, 0, 1, 0], [0, 1, 0, 0, 8, 0, 0, 8, 1, 0], [1, 1, 1, 1, 1, 1, 1, 1, 1, 1], [4, 1, 0, 0, 0, 0, 0, 0, 1, 7]], "output": [[3, 3, 3, 0, 6, 6], [0, 3, 3, 0, 6, 0], [0, 0, 3, 0, 6, 6], [4, 4, 0, 0, 7, 0], [0, 0, 4, 7, 0, 0], [0, 0, 4, 0, 0, 7]]}, {"input": [[4, 1, 0, 0, 0, 0, 0, 0, 1, 7], [1, 1, 1, 1, 1, 1, 1, 1, 1, 1], [0, 1, 8, 8, 8, 8, 0, 8, 1, 0], [0, 1, 8, 0, 8, 0, 0, 0, 1, 0], [0, 1, 8, 8, 0, 8, 8, 8, 1, 0], [0, 1, 8, 0, 8, 0, 8, 0, 1, 0], [0, 1, 8, 0, 0, 0, 8, 0, 1, 0], [0, 1, 8, 0, 8, 8, 8, 0, 1, 0], [1, 1, 1, 1, 1, 1, 1, 1, 1, 1], [3, 1, 0, 0, 0, 0, 0, 0, 1, 9]], "output": [[4, 4, 4, 7, 0, 7], [4, 0, 4, 0, 0, 0], [4, 4, 0, 7, 7, 7], [3, 0, 3, 0, 9, 0], [3, 0, 0, 0, 9, 0], [3, 0, 3, 9, 9, 0]]}, {"input": [[3, 1, 0, 0, 0, 0, 1, 9], [1, 1, 1, 1, 1, 1, 1, 1], [0, 1, 8, 8, 0, 0, 1, 0], [0, 1, 8, 8, 0, 0, 1, 0], [0, 1, 0, 8, 0, 8, 1, 0], [0, 1, 0, 8, 0, 0, 1, 0], [1, 1, 1, 1, 1, 1, 1, 1], [6, 1, 0, 0, 0, 0, 1, 5]], "output": [[3, 3, 0, 0], [3, 3, 0, 0], [0, 6, 0, 5], [0, 6, 0, 0]]}, {"input": [[2, 1, 0, 0, 0, 0, 0, 0, 1, 9], [1, 1, 1, 1, 1, 1, 1, 1, 1, 1], [0, 1, 8, 0, 0, 0, 0, 8, 1, 0], [0, 1, 8, 0, 0, 0, 8, 8, 1, 0], [0, 1, 8, 0, 0, 8, 0, 8, 1, 0], [0, 1, 8, 8, 0, 8, 8, 0, 1, 0], [0, 1, 8, 0, 0, 8, 0, 8, 1, 0], [0, 1, 8, 8, 0, 0, 8, 0, 1, 0], [1, 1, 1, 1, 1, 1, 1, 1, 1, 1], [7, 1, 0, 0, 0, 0, 0, 0, 1, 5]], "output": [[2, 0, 0, 0, 0, 9], [2, 0, 0, 0, 9, 9], [2, 0, 0, 9, 0, 9], [7, 7, 0, 5, 5, 0], [7, 0, 0, 5, 0, 5], [7, 7, 0, 0, 5, 0]]}, {"input": [[6, 1, 0, 0, 0, 0, 0, 0, 1, 5], [1, 1, 1, 1, 1, 1, 1, 1, 1, 1], [0, 1, 8, 8, 8, 8, 8, 0, 1, 0], [0, 1, 8, 0, 0, 0, 0, 0, 1, 0], [0, 1, 0, 8, 0, 0, 8, 0, 1, 0], [0, 1, 8, 8, 0, 8, 0, 0, 1, 0], [0, 1, 8, 8, 0, 0, 8, 8, 1, 0], [0, 1, 8, 0, 8, 8, 0, 0, 1, 0], [1, 1, 1, 1, 1, 1, 1, 1, 1, 1], [7, 1, 0, 0, 0, 0, 0, 0, 1, 9]], "output": [[6, 6, 6, 5, 5, 0], [6, 0, 0, 0, 0, 0], [0, 6, 0, 0, 5, 0], [7, 7, 0, 9, 0, 0], [7, 7, 0, 0, 9, 9], [7, 0, 7, 9, 0, 0]]}, {"input": [[5, 1, 0, 0, 1, 3], [1, 1, 1, 1, 1, 1], [0, 1, 8, 8, 1, 0], [0, 1, 8, 8, 1, 0], [1, 1, 1, 1, 1, 1], [7, 1, 0, 0, 1, 4]], "output": [[5, 3], [7, 4]]}, {"input": [[2, 1, 0, 0, 0, 0, 0, 0, 1, 3], [1, 1, 1, 1, 1, 1, 1, 1, 1, 1], [0, 1, 8, 8, 0, 8, 8, 0, 1, 0], [0, 1, 8, 0, 0, 0, 0, 0, 1, 0], [0, 1, 0, 8, 8, 8, 0, 8, 1, 0], [0, 1, 8, 8, 0, 8, 8, 0, 1, 0], [0, 1, 0, 8, 8, 0, 8, 8, 1, 0], [0, 1, 0, 8, 8, 0, 0, 0, 1, 0], [1, 1, 1, 1, 1, 1, 1, 1, 1, 1], [6, 1, 0, 0, 0, 0, 0, 0, 1, 5]], "output": [[2, 2, 0, 3, 3, 0], [2, 0, 0, 0, 0, 0], [0, 2, 2, 3, 0, 3], [6, 6, 0, 5, 5, 0], [0, 6, 6, 0, 5, 5], [0, 6, 6, 0, 0, 0]]}, {"input": [[4, 1, 0, 0, 0, 0, 1, 7], [1, 1, 1, 1, 1, 1, 1, 1], [0, 1, 0, 0, 8, 8, 1, 0], [0, 1, 0, 0, 8, 0, 1, 0], [0, 1, 0, 8, 0, 8, 1, 0], [0, 1, 8, 8, 8, 0, 1, 0], [1, 1, 1, 1, 1, 1, 1, 1], [9, 1, 0, 0, 0, 0, 1, 6]], "output": [[0, 0, 7, 7], [0, 0, 7, 0], [0, 9, 0, 6], [9, 9, 6, 0]]}, {"input": [[3, 1, 0, 0, 1, 4], [1, 1, 1, 1, 1, 1], [0, 1, 0, 8, 1, 0], [0, 1, 8, 0, 1, 0], [1, 1, 1, 1, 1, 1], [9, 1, 0, 0, 1, 6]], "output": [[0, 4], [9, 0]]}, {"input": [[9, 1, 0, 0, 1, 3], [1, 1, 1, 1, 1, 1], [0, 1, 8, 0, 1, 0], [0, 1, 8, 8, 1, 0], [1, 1, 1, 1, 1, 1], [7, 1, 0, 0, 1, 4]], "output": [[9, 0], [7, 4]]}, {"input": [[2, 1, 0, 0, 0, 0, 0, 0, 1, 3], [1, 1, 1, 1, 1, 1, 1, 1, 1, 1], [0, 1, 0, 0, 0, 0, 8, 8, 1, 0], [0, 1, 8, 8, 0, 8, 0, 8, 1, 0], [0, 1, 0, 0, 8, 8, 0, 0, 1, 0], [0, 1, 0, 8, 8, 8, 0, 0, 1, 0], [0, 1, 8, 0, 8, 8, 8, 8, 1, 0], [0, 1, 8, 8, 0, 8, 8, 0, 1, 0], [1, 1, 1, 1, 1, 1, 1, 1, 1, 1], [7, 1, 0, 0, 0, 0, 0, 0, 1, 6]], "output": [[0, 0, 0, 0, 3, 3], [2, 2, 0, 3, 0, 3], [0, 0, 2, 3, 0, 0], [0, 7, 7, 6, 0, 0], [7, 0, 7, 6, 6, 6], [7, 7, 0, 6, 6, 0]]}, {"input": [[7, 1, 0, 0, 0, 0, 0, 0, 1, 5], [1, 1, 1, 1, 1, 1, 1, 1, 1, 1], [0, 1, 8, 0, 0, 0, 0, 0, 1, 0], [0, 1, 0, 0, 0, 8, 8, 0, 1, 0], [0, 1, 8, 8, 0, 0, 8, 8, 1, 0], [0, 1, 0, 8, 0, 8, 0, 8, 1, 0], [0, 1, 0, 0, 0, 0, 8, 8, 1, 0], [0, 1, 8, 0, 8, 8, 8, 0, 1, 0], [1, 1, 1, 1, 1, 1, 1, 1, 1, 1], [9, 1, 0, 0, 0, 0, 0, 0, 1, 4]], "output": [[7, 0, 0, 0, 0, 0], [0, 0, 0, 5, 5, 0], [7, 7, 0, 0, 5, 5], [0, 9, 0, 4, 0, 4], [0, 0, 0, 0, 4, 4], [9, 0, 9, 4, 4, 0]]}, {"input": [[7, 1, 0, 0, 1, 3], [1, 1, 1, 1, 1, 1], [0, 1, 8, 0, 1, 0], [0, 1, 0, 0, 1, 0], [1, 1, 1, 1, 1, 1], [4, 1, 0, 0, 1, 9]], "output": [[7, 0], [0, 0]]}, {"input": [[4, 1, 0, 0, 0, 0, 1, 2], [1, 1, 1, 1, 1, 1, 1, 1], [0, 1, 8, 8, 0, 8, 1, 0], [0, 1, 8, 0, 0, 0, 1, 0], [0, 1, 8, 8, 8, 8, 1, 0], [0, 1, 0, 8, 8, 8, 1, 0], [1, 1, 1, 1, 1, 1, 1, 1], [5, 1, 0, 0, 0, 0, 1, 6]], "output": [[4, 4, 0, 2], [4, 0, 0, 0], [5, 5, 6, 6], [0, 5, 6, 6]]}, {"input": [[2, 1, 0, 0, 0, 0, 0, 0, 1, 5], [1, 1, 1, 1, 1, 1, 1, 1, 1, 1], [0, 1, 0, 8, 8, 0, 0, 8, 1, 0], [0, 1, 8, 0, 0, 8, 8, 8, 1, 0], [0, 1, 8, 8, 0, 0, 0, 8, 1, 0], [0, 1, 8, 0, 8, 8, 8, 0, 1, 0], [0, 1, 0, 8, 8, 0, 0, 0, 1, 0], [0, 1, 8, 0, 8, 8, 0, 0, 1, 0], [1, 1, 1, 1, 1, 1, 1, 1, 1, 1], [6, 1, 0, 0, 0, 0, 0, 0, 1, 7]], "output": [[0, 2, 2, 0, 0, 5], [2, 0, 0, 5, 5, 5], [2, 2, 0, 0, 0, 5], [6, 0, 6, 7, 7, 0], [0, 6, 6, 0, 0, 0], [6, 0, 6, 7, 0, 0]]}, {"input": [[9, 1, 0, 0, 0, 0, 1, 4], [1, 1, 1, 1, 1, 1, 1, 1], [0, 1, 0, 8, 8, 0, 1, 0], [0, 1, 0, 0, 0, 8, 1, 0], [0, 1, 8, 8, 8, 8, 1, 0], [0, 1, 0, 8, 8, 8, 1, 0], [1, 1, 1, 1, 1, 1, 1, 1], [3, 1, 0, 0, 0, 0, 1, 7]], "output": [[0, 9, 4, 0], [0, 0, 0, 4], [3, 3, 7, 7], [0, 3, 7, 7]]}, {"input": [[5, 1, 0, 0, 0, 0, 1, 4], [1, 1, 1, 1, 1, 1, 1, 1], [0, 1, 0, 0, 0, 8, 1, 0], [0, 1, 0, 8, 0, 0, 1, 0], [0, 1, 8, 0, 0, 8, 1, 0], [0, 1, 0, 8, 0, 0, 1, 0], [1, 1, 1, 1, 1, 1, 1, 1], [6, 1, 0, 0, 0, 0, 1, 3]], "output": [[0, 0, 0, 4], [0, 5, 0, 0], [6, 0, 0, 3], [0, 6, 0, 0]]}, {"input": [[3, 1, 0, 0, 1, 2], [1, 1, 1, 1, 1, 1], [0, 1, 8, 0, 1, 0], [0, 1, 0, 8, 1, 0], [1, 1, 1, 1, 1, 1], [9, 1, 0, 0, 1, 5]], "output": [[3, 0], [0, 5]]}, {"input": [[5, 1, 0, 0, 0, 0, 0, 0, 1, 9], [1, 1, 1, 1, 1, 1, 1, 1, 1, 1], [0, 1, 8, 0, 8, 0, 0, 8, 1, 0], [0, 1, 8, 8, 0, 8, 8, 0, 1, 0], [0, 1, 8, 8, 8, 8, 0, 8, 1, 0], [0, 1, 0, 8, 0, 0, 0, 8, 1, 0], [0, 1, 8, 8, 0, 0, 8, 8, 1, 0], [0, 1, 8, 0, 0, 8, 0, 0, 1, 0], [1, 1, 1, 1, 1, 1, 1, 1, 1, 1], [2, 1, 0, 0, 0, 0, 0, 0, 1, 6]], "output": [[5, 0, 5, 0, 0, 9], [5, 5, 0, 9, 9, 0], [5, 5, 5, 9, 0, 9], [0, 2, 0, 0, 0, 6], [2, 2, 0, 0, 6, 6], [2, 0, 0, 6, 0, 0]]}, {"input": [[9, 1, 0, 0, 0, 0, 0, 0, 1, 7], [1, 1, 1, 1, 1, 1, 1, 1, 1, 1], [0, 1, 0, 8, 0, 8, 8, 8, 1, 0], [0, 1, 0, 0, 8, 0, 8, 0, 1, 0], [0, 1, 8, 0, 8, 0, 0, 8, 1, 0], [0, 1, 0, 8, 0, 8, 0, 0, 1, 0], [0, 1, 0, 0, 0, 8, 0, 8, 1, 0], [0, 1, 8, 8, 8, 8, 8, 8, 1, 0], [1, 1, 1, 1, 1, 1, 1, 1, 1, 1], [2, 1, 0, 0, 0, 0, 0, 0, 1, 4]], "output": [[0, 9, 0, 7, 7, 7], [0, 0, 9, 0, 7, 0], [9, 0, 9, 0, 0, 7], [0, 2, 0, 4, 0, 0], [0, 0, 0, 4, 0, 4], [2, 2, 2, 4, 4, 4]]}, {"input": [[5, 1, 0, 0, 0, 0, 0, 0, 1, 6], [1, 1, 1, 1, 1, 1, 1, 1, 1, 1], [0, 1, 8, 8, 8, 8, 0, 8, 1, 0], [0, 1, 8, 8, 0, 8, 0, 0, 1, 0], [0, 1, 0, 0, 0, 0, 8, 0, 1, 0], [0, 1, 8, 0, 8, 8, 8, 8, 1, 0], [0, 1, 0, 8, 8, 8, 0, 8, 1, 0], [0, 1, 8, 8, 8, 0, 8, 8, 1, 0], [1, 1, 1, 1, 1, 1, 1, 1, 1, 1], [4, 1, 0, 0, 0, 0, 0, 0, 1, 7]], "output": [[5, 5, 5, 6, 0, 6], [5, 5, 0, 6, 0, 0], [0, 0, 0, 0, 6, 0], [4, 0, 4, 7, 7, 7], [0, 4, 4, 7, 0, 7], [4, 4, 4, 0, 7, 7]]}, {"input": [[6, 1, 0, 0, 1, 3], [1, 1, 1, 1, 1, 1], [0, 1, 0, 0, 1, 0], [0, 1, 8, 8, 1, 0], [1, 1, 1, 1, 1, 1], [9, 1, 0, 0, 1, 5]], "output": [[0, 0], [9, 5]]}, {"input": [[7, 1, 0, 0, 0, 0, 0, 0, 1, 3], [1, 1, 1, 1, 1, 1, 1, 1, 1, 1], [0, 1, 0, 0, 8, 8, 0, 0, 1, 0], [0, 1, 8, 8, 0, 0, 0, 8, 1, 0], [0, 1, 8, 0, 8, 8, 8, 0, 1, 0], [0, 1, 0, 0, 0, 8, 8, 8, 1, 0], [0, 1, 0, 8, 0, 8, 8, 0, 1, 0], [0, 1, 8, 8, 8, 0, 8, 8, 1, 0], [1, 1, 1, 1, 1, 1, 1, 1, 1, 1], [6, 1, 0, 0, 0, 0, 0, 0, 1, 2]], "output": [[0, 0, 7, 3, 0, 0], [7, 7, 0, 0, 0, 3], [7, 0, 7, 3, 3, 0], [0, 0, 0, 2, 2, 2], [0, 6, 0, 2, 2, 0], [6, 6, 6, 0, 2, 2]]}, {"input": [[3, 1, 0, 0, 0, 0, 1, 6], [1, 1, 1, 1, 1, 1, 1, 1], [0, 1, 0, 8, 0, 8, 1, 0], [0, 1, 0, 8, 8, 0, 1, 0], [0, 1, 0, 0, 8, 8, 1, 0], [0, 1, 8, 0, 8, 0, 1, 0], [1, 1, 1, 1, 1, 1, 1, 1], [2, 1, 0, 0, 0, 0, 1, 9]], "output": [[0, 3, 0, 6], [0, 3, 6, 0], [0, 0, 9, 9], [2, 0, 9, 0]]}, {"input": [[2, 1, 0, 0, 0, 0, 1, 4], [1, 1, 1, 1, 1, 1, 1, 1], [0, 1, 8, 8, 0, 0, 1, 0], [0, 1, 8, 8, 0, 8, 1, 0], [0, 1, 8, 0, 0, 0, 1, 0], [0, 1, 0, 8, 8, 0, 1, 0], [1, 1, 1, 1, 1, 1, 1, 1], [5, 1, 0, 0, 0, 0, 1, 3]], "output": [[2, 2, 0, 0], [2, 2, 0, 4], [5, 0, 0, 0], [0, 5, 3, 0]]}, {"input": [[2, 1, 0, 0, 1, 6], [1, 1, 1, 1, 1, 1], [0, 1, 0, 0, 1, 0], [0, 1, 0, 8, 1, 0], [1, 1, 1, 1, 1, 1], [5, 1, 0, 0, 1, 4]], "output": [[0, 0], [0, 4]]}, {"input": [[4, 1, 0, 0, 0, 0, 1, 3], [1, 1, 1, 1, 1, 1, 1, 1], [0, 1, 8, 8, 0, 8, 1, 0], [0, 1, 0, 8, 8, 8, 1, 0], [0, 1, 0, 0, 0, 8, 1, 0], [0, 1, 0, 0, 0, 8, 1, 0], [1, 1, 1, 1, 1, 1, 1, 1], [9, 1, 0, 0, 0, 0, 1, 6]], "output": [[4, 4, 0, 3], [0, 4, 3, 3], [0, 0, 0, 6], [0, 0, 0, 6]]}, {"input": [[3, 1, 0, 0, 1, 2], [1, 1, 1, 1, 1, 1], [0, 1, 0, 0, 1, 0], [0, 1, 0, 8, 1, 0], [1, 1, 1, 1, 1, 1], [4, 1, 0, 0, 1, 5]], "output": [[0, 0], [0, 5]]}, {"input": [[4, 1, 0, 0, 0, 0, 0, 0, 1, 3], [1, 1, 1, 1, 1, 1, 1, 1, 1, 1], [0, 1, 8, 0, 0, 8, 0, 0, 1, 0], [0, 1, 0, 0, 8, 8, 0, 8, 1, 0], [0, 1, 0, 8, 0, 0, 8, 8, 1, 0], [0, 1, 0, 8, 0, 0, 0, 8, 1, 0], [0, 1, 0, 8, 8, 8, 0, 8, 1, 0], [0, 1, 0, 8, 0, 8, 0, 0, 1, 0], [1, 1, 1, 1, 1, 1, 1, 1, 1, 1], [5, 1, 0, 0, 0, 0, 0, 0, 1, 9]], "output": [[4, 0, 0, 3, 0, 0], [0, 0, 4, 3, 0, 3], [0, 4, 0, 0, 3, 3], [0, 5, 0, 0, 0, 9], [0, 5, 5, 9, 0, 9], [0, 5, 0, 9, 0, 0]]}, {"input": [[2, 1, 0, 0, 0, 0, 0, 0, 1, 5], [1, 1, 1, 1, 1, 1, 1, 1, 1, 1], [0, 1, 8, 8, 0, 0, 8, 8, 1, 0], [0, 1, 0, 8, 0, 8, 8, 8, 1, 0], [0, 1, 8, 8, 0, 0, 0, 8, 1, 0], [0, 1, 8, 8, 0, 0, 8, 0, 1, 0], [0, 1, 8, 8, 8, 0, 8, 0, 1, 0], [0, 1, 8, 8, 8, 8, 0, 0, 1, 0], [1, 1, 1, 1, 1, 1, 1, 1, 1, 1], [9, 1, 0, 0, 0, 0, 0, 0, 1, 7]], "output": [[2, 2, 0, 0, 5, 5], [0, 2, 0, 5, 5, 5], [2, 2, 0, 0, 0, 5], [9, 9, 0, 0, 7, 0], [9, 9, 9, 0, 7, 0], [9, 9, 9, 7, 0, 0]]}, {"input": [[4, 1, 0, 0, 1, 6], [1, 1, 1, 1, 1, 1], [0, 1, 0, 0, 1, 0], [0, 1, 0, 8, 1, 0], [1, 1, 1, 1, 1, 1], [7, 1, 0, 0, 1, 3]], "output": [[0, 0], [0, 3]]}, {"input": [[3, 1, 0, 0, 0, 0, 1, 7], [1, 1, 1, 1, 1, 1, 1, 1], [0, 1, 8, 8, 8, 0, 1, 0], [0, 1, 8, 8, 8, 0, 1, 0], [0, 1, 0, 8, 8, 0, 1, 0], [0, 1, 8, 8, 0, 0, 1, 0], [1, 1, 1, 1, 1, 1, 1, 1], [5, 1, 0, 0, 0, 0, 1, 4]], "output": [[3, 3, 7, 0], [3, 3, 7, 0], [0, 5, 4, 0], [5, 5, 0, 0]]}, {"input": [[9, 1, 0, 0, 1, 4], [1, 1, 1, 1, 1, 1], [0, 1, 8, 8, 1, 0], [0, 1, 0, 0, 1, 0], [1, 1, 1, 1, 1, 1], [6, 1, 0, 0, 1, 7]], "output": [[9, 4], [0, 0]]}, {"input": [[7, 1, 0, 0, 0, 0, 1, 9], [1, 1, 1, 1, 1, 1, 1, 1], [0, 1, 8, 8, 0, 8, 1, 0], [0, 1, 0, 0, 8, 8, 1, 0], [0, 1, 0, 8, 0, 8, 1, 0], [0, 1, 8, 8, 8, 8, 1, 0], [1, 1, 1, 1, 1, 1, 1, 1], [5, 1, 0, 0, 0, 0, 1, 4]], "output": [[7, 7, 0, 9], [0, 0, 9, 9], [0, 5, 0, 4], [5, 5, 4, 4]]}, {"input": [[6, 1, 0, 0, 1, 9], [1, 1, 1, 1, 1, 1], [0, 1, 8, 0, 1, 0], [0, 1, 8, 8, 1, 0], [1, 1, 1, 1, 1, 1], [5, 1, 0, 0, 1, 3]], "output": [[6, 0], [5, 3]]}, {"input": [[9, 1, 0, 0, 0, 0, 1, 6], [1, 1, 1, 1, 1, 1, 1, 1], [0, 1, 8, 0, 0, 8, 1, 0], [0, 1, 0, 0, 8, 0, 1, 0], [0, 1, 8, 8, 0, 0, 1, 0], [0, 1, 8, 0, 8, 0, 1, 0], [1, 1, 1, 1, 1, 1, 1, 1], [5, 1, 0, 0, 0, 0, 1, 7]], "output": [[9, 0, 0, 6], [0, 0, 6, 0], [5, 5, 0, 0], [5, 0, 7, 0]]}, {"input": [[2, 1, 0, 0, 0, 0, 0, 0, 1, 9], [1, 1, 1, 1, 1, 1, 1, 1, 1, 1], [0, 1, 8, 0, 8, 8, 8, 8, 1, 0], [0, 1, 8, 0, 8, 8, 8, 0, 1, 0], [0, 1, 0, 8, 8, 0, 8, 0, 1, 0], [0, 1, 0, 8, 0, 8, 0, 8, 1, 0], [0, 1, 0, 8, 8, 0, 0, 0, 1, 0], [0, 1, 0, 8, 0, 8, 0, 8, 1, 0], [1, 1, 1, 1, 1, 1, 1, 1, 1, 1], [6, 1, 0, 0, 0, 0, 0, 0, 1, 4]], "output": [[2, 0, 2, 9, 9, 9], [2, 0, 2, 9, 9, 0], [0, 2, 2, 0, 9, 0], [0, 6, 0, 4, 0, 4], [0, 6, 6, 0, 0, 0], [0, 6, 0, 4, 0, 4]]}, {"input": [[4, 1, 0, 0, 1, 7], [1, 1, 1, 1, 1, 1], [0, 1, 0, 0, 1, 0], [0, 1, 8, 0, 1, 0], [1, 1, 1, 1, 1, 1], [9, 1, 0, 0, 1, 2]], "output": [[0, 0], [9, 0]]}, {"input": [[7, 1, 0, 0, 0, 0, 1, 4], [1, 1, 1, 1, 1, 1, 1, 1], [0, 1, 8, 8, 8, 0, 1, 0], [0, 1, 8, 8, 8, 8, 1, 0], [0, 1, 0, 8, 0, 0, 1, 0], [0, 1, 0, 0, 8, 0, 1, 0], [1, 1, 1, 1, 1, 1, 1, 1], [9, 1, 0, 0, 0, 0, 1, 3]], "output": [[7, 7, 4, 0], [7, 7, 4, 4], [0, 9, 0, 0], [0, 0, 3, 0]]}, {"input": [[6, 1, 0, 0, 1, 7], [1, 1, 1, 1, 1, 1], [0, 1, 8, 8, 1, 0], [0, 1, 8, 8, 1, 0], [1, 1, 1, 1, 1, 1], [3, 1, 0, 0, 1, 9]], "output": [[6, 7], [3, 9]]}, {"input": [[6, 1, 0, 0, 0, 0, 0, 0, 1, 2], [1, 1, 1, 1, 1, 1, 1, 1, 1, 1], [0, 1, 0, 0, 0, 8, 8, 8, 1, 0], [0, 1, 0, 0, 8, 0, 8, 8, 1, 0], [0, 1, 0, 8, 8, 0, 8, 0, 1, 0], [0, 1, 8, 8, 0, 8, 8, 8, 1, 0], [0, 1, 8, 8, 0, 8, 0, 8, 1, 0], [0, 1, 8, 8, 0, 0, 0, 0, 1, 0], [1, 1, 1, 1, 1, 1, 1, 1, 1, 1], [3, 1, 0, 0, 0, 0, 0, 0, 1, 5]], "output": [[0, 0, 0, 2, 2, 2], [0, 0, 6, 0, 2, 2], [0, 6, 6, 0, 2, 0], [3, 3, 0, 5, 5, 5], [3, 3, 0, 5, 0, 5], [3, 3, 0, 0, 0, 0]]}, {"input": [[6, 1, 0, 0, 1, 2], [1, 1, 1, 1, 1, 1], [0, 1, 8, 0, 1, 0], [0, 1, 8, 8, 1, 0], [1, 1, 1, 1, 1, 1], [9, 1, 0, 0, 1, 7]], "output": [[6, 0], [9, 7]]}, {"input": [[3, 1, 0, 0, 0, 0, 0, 0, 1, 5], [1, 1, 1, 1, 1, 1, 1, 1, 1, 1], [0, 1, 8, 0, 8, 8, 0, 0, 1, 0], [0, 1, 0, 8, 0, 0, 0, 0, 1, 0], [0, 1, 8, 8, 8, 8, 0, 8, 1, 0], [0, 1, 0, 8, 0, 0, 8, 8, 1, 0], [0, 1, 0, 0, 8, 8, 0, 0, 1, 0], [0, 1, 0, 0, 0, 0, 8, 8, 1, 0], [1, 1, 1, 1, 1, 1, 1, 1, 1, 1], [9, 1, 0, 0, 0, 0, 0, 0, 1, 6]], "output": [[3, 0, 3, 5, 0, 0], [0, 3, 0, 0, 0, 0], [3, 3, 3, 5, 0, 5], [0, 9, 0, 0, 6, 6], [0, 0, 9, 6, 0, 0], [0, 0, 0, 0, 6, 6]]}, {"input": [[5, 1, 0, 0, 0, 0, 1, 7], [1, 1, 1, 1, 1, 1, 1, 1], [0, 1, 0, 0, 8, 0, 1, 0], [0, 1, 0, 8, 8, 8, 1, 0], [0, 1, 8, 8, 8, 0, 1, 0], [0, 1, 8, 0, 0, 8, 1, 0], [1, 1, 1, 1, 1, 1, 1, 1], [9, 1, 0, 0, 0, 0, 1, 3]], "output": [[0, 0, 7, 0], [0, 5, 7, 7], [9, 9, 3, 0], [9, 0, 0, 3]]}, {"input": [[9, 1, 0, 0, 1, 5], [1, 1, 1, 1, 1, 1], [0, 1, 0, 8, 1, 0], [0, 1, 0, 0, 1, 0], [1, 1, 1, 1, 1, 1], [2, 1, 0, 0, 1, 3]], "output": [[0, 5], [0, 0]]}, {"input": [[2, 1, 0, 0, 0, 0, 1, 9], [1, 1, 1, 1, 1, 1, 1, 1], [0, 1, 8, 8, 0, 8, 1, 0], [0, 1, 8, 0, 0, 0, 1, 0], [0, 1, 0, 8, 0, 8, 1, 0], [0, 1, 8, 0, 8, 8, 1, 0], [1, 1, 1, 1, 1, 1, 1, 1], [4, 1, 0, 0, 0, 0, 1, 5]], "output": [[2, 2, 0, 9], [2, 0, 0, 0], [0, 4, 0, 5], [4, 0, 5, 5]]}, {"input": [[2, 1, 0, 0, 0, 0, 0, 0, 1, 6], [1, 1, 1, 1, 1, 1, 1, 1, 1, 1], [0, 1, 0, 8, 8, 8, 8, 8, 1, 0], [0, 1, 8, 8, 8, 8, 0, 0, 1, 0], [0, 1, 8, 0, 8, 0, 8, 0, 1, 0], [0, 1, 0, 8, 8, 8, 8, 0, 1, 0], [0, 1, 0, 0, 8, 8, 8, 0, 1, 0], [0, 1, 0, 8, 8, 8, 8, 0, 1, 0], [1, 1, 1, 1, 1, 1, 1, 1, 1, 1], [7, 1, 0, 0, 0, 0, 0, 0, 1, 5]], "output": [[0, 2, 2, 6, 6, 6], [2, 2, 2, 6, 0, 0], [2, 0, 2, 0, 6, 0], [0, 7, 7, 5, 5, 0], [0, 0, 7, 5, 5, 0], [0, 7, 7, 5, 5, 0]]}, {"input": [[7, 1, 0, 0, 0, 0, 1, 6], [1, 1, 1, 1, 1, 1, 1, 1], [0, 1, 0, 8, 0, 0, 1, 0], [0, 1, 0, 0, 8, 0, 1, 0], [0, 1, 8, 0, 0, 0, 1, 0], [0, 1, 8, 8, 0, 8, 1, 0], [1, 1, 1, 1, 1, 1, 1, 1], [2, 1, 0, 0, 0, 0, 1, 3]], "output": [[0, 7, 0, 0], [0, 0, 6, 0], [2, 0, 0, 0], [2, 2, 0, 3]]}, {"input": [[6, 1, 0, 0, 1, 4], [1, 1, 1, 1, 1, 1], [0, 1, 8, 8, 1, 0], [0, 1, 0, 0, 1, 0], [1, 1, 1, 1, 1, 1], [9, 1, 0, 0, 1, 2]], "output": [[6, 4], [0, 0]]}, {"input": [[3, 1, 0, 0, 0, 0, 0, 0, 1, 5], [1, 1, 1, 1, 1, 1, 1, 1, 1, 1], [0, 1, 8, 0, 8, 8, 0, 0, 1, 0], [0, 1, 8, 0, 0, 8, 8, 8, 1, 0], [0, 1, 0, 8, 0, 0, 8, 0, 1, 0], [0, 1, 0, 0, 8, 0, 0, 8, 1, 0], [0, 1, 8, 0, 0, 0, 8, 0, 1, 0], [0, 1, 8, 8, 0, 0, 0, 8, 1, 0], [1, 1, 1, 1, 1, 1, 1, 1, 1, 1], [4, 1, 0, 0, 0, 0, 0, 0, 1, 2]], "output": [[3, 0, 3, 5, 0, 0], [3, 0, 0, 5, 5, 5], [0, 3, 0, 0, 5, 0], [0, 0, 4, 0, 0, 2], [4, 0, 0, 0, 2, 0], [4, 4, 0, 0, 0, 2]]}, {"input": [[3, 1, 0, 0, 1, 9], [1, 1, 1, 1, 1, 1], [0, 1, 8, 0, 1, 0], [0, 1, 8, 0, 1, 0], [1, 1, 1, 1, 1, 1], [4, 1, 0, 0, 1, 2]], "output": [[3, 0], [4, 0]]}, {"input": [[4, 1, 0, 0, 1, 3], [1, 1, 1, 1, 1, 1], [0, 1, 0, 8, 1, 0], [0, 1, 0, 0, 1, 0], [1, 1, 1, 1, 1, 1], [7, 1, 0, 0, 1, 5]], "output": [[0, 3], [0, 0]]}, {"input": [[7, 1, 0, 0, 1, 5], [1, 1, 1, 1, 1, 1], [0, 1, 0, 0, 1, 0], [0, 1, 0, 8, 1, 0], [1, 1, 1, 1, 1, 1], [6, 1, 0, 0, 1, 3]], "output": [[0, 0], [0, 3]]}, {"input": [[4, 1, 0, 0, 0, 0, 1, 2], [1, 1, 1, 1, 1, 1, 1, 1], [0, 1, 0, 8, 8, 8, 1, 0], [0, 1, 8, 0, 8, 0, 1, 0], [0, 1, 8, 8, 0, 0, 1, 0], [0, 1, 0, 8, 0, 0, 1, 0], [1, 1, 1, 1, 1, 1, 1, 1], [5, 1, 0, 0, 0, 0, 1, 9]], "output": [[0, 4, 2, 2], [4, 0, 2, 0], [5, 5, 0, 0], [0, 5, 0, 0]]}, {"input": [[5, 1, 0, 0, 0, 0, 1, 9], [1, 1, 1, 1, 1, 1, 1, 1], [0, 1, 8, 8, 8, 0, 1, 0], [0, 1, 8, 0, 0, 8, 1, 0], [0, 1, 0, 8, 0, 8, 1, 0], [0, 1, 0, 0, 8, 0, 1, 0], [1, 1, 1, 1, 1, 1, 1, 1], [4, 1, 0, 0, 0, 0, 1, 6]], "output": [[5, 5, 9, 0], [5, 0, 0, 9], [0, 4, 0, 6], [0, 0, 6, 0]]}, {"input": [[3, 1, 0, 0, 0, 0, 0, 0, 1, 4], [1, 1, 1, 1, 1, 1, 1, 1, 1, 1], [0, 1, 0, 0, 0, 8, 8, 8, 1, 0], [0, 1, 0, 8, 8, 8, 0, 8, 1, 0], [0, 1, 0, 8, 0, 8, 8, 8, 1, 0], [0, 1, 0, 0, 0, 0, 0, 0, 1, 0], [0, 1, 8, 0, 0, 0, 0, 0, 1, 0], [0, 1, 0, 8, 8, 0, 0, 0, 1, 0], [1, 1, 1, 1, 1, 1, 1, 1, 1, 1], [6, 1, 0, 0, 0, 0, 0, 0, 1, 7]], "output": [[0, 0, 0, 4, 4, 4], [0, 3, 3, 4, 0, 4], [0, 3, 0, 4, 4, 4], [0, 0, 0, 0, 0, 0], [6, 0, 0, 0, 0, 0], [0, 6, 6, 0, 0, 0]]}, {"input": [[3, 1, 0, 0, 0, 0, 1, 9], [1, 1, 1, 1, 1, 1, 1, 1], [0, 1, 0, 8, 8, 0, 1, 0], [0, 1, 0, 0, 8, 8, 1, 0], [0, 1, 0, 0, 8, 8, 1, 0], [0, 1, 8, 0, 8, 8, 1, 0], [1, 1, 1, 1, 1, 1, 1, 1], [2, 1, 0, 0, 0, 0, 1, 5]], "output": [[0, 3, 9, 0], [0, 0, 9, 9], [0, 0, 5, 5], [2, 0, 5, 5]]}, {"input": [[6, 1, 0, 0, 1, 4], [1, 1, 1, 1, 1, 1], [0, 1, 0, 8, 1, 0], [0, 1, 0, 8, 1, 0], [1, 1, 1, 1, 1, 1], [5, 1, 0, 0, 1, 2]], "output": [[0, 4], [0, 2]]}, {"input": [[4, 1, 0, 0, 1, 6], [1, 1, 1, 1, 1, 1], [0, 1, 0, 8, 1, 0], [0, 1, 8, 0, 1, 0], [1, 1, 1, 1, 1, 1], [7, 1, 0, 0, 1, 3]], "output": [[0, 6], [7, 0]]}, {"input": [[5, 1, 0, 0, 1, 7], [1, 1, 1, 1, 1, 1], [0, 1, 0, 8, 1, 0], [0, 1, 0, 0, 1, 0], [1, 1, 1, 1, 1, 1], [9, 1, 0, 0, 1, 2]], "output": [[0, 7], [0, 0]]}, {"input": [[6, 1, 0, 0, 0, 0, 1, 9], [1, 1, 1, 1, 1, 1, 1, 1], [0, 1, 0, 0, 8, 0, 1, 0], [0, 1, 8, 0, 8, 0, 1, 0], [0, 1, 0, 8, 0, 8, 1, 0], [0, 1, 8, 8, 0, 8, 1, 0], [1, 1, 1, 1, 1, 1, 1, 1], [7, 1, 0, 0, 0, 0, 1, 2]], "output": [[0, 0, 9, 0], [6, 0, 9, 0], [0, 7, 0, 2], [7, 7, 0, 2]]}, {"input": [[6, 1, 0, 0, 1, 9], [1, 1, 1, 1, 1, 1], [0, 1, 0, 8, 1, 0], [0, 1, 0, 0, 1, 0], [1, 1, 1, 1, 1, 1], [2, 1, 0, 0, 1, 7]], "output": [[0, 9], [0, 0]]}, {"input": [[5, 1, 0, 0, 0, 0, 1, 3], [1, 1, 1, 1, 1, 1, 1, 1], [0, 1, 8, 8, 0, 8, 1, 0], [0, 1, 8, 0, 0, 8, 1, 0], [0, 1, 8, 8, 0, 0, 1, 0], [0, 1, 8, 8, 0, 8, 1, 0], [1, 1, 1, 1, 1, 1, 1, 1], [7, 1, 0, 0, 0, 0, 1, 2]], "output": [[5, 5, 0, 3], [5, 0, 0, 3], [7, 7, 0, 0], [7, 7, 0, 2]]}, {"input": [[4, 1, 0, 0, 0, 0, 1, 2], [1, 1, 1, 1, 1, 1, 1, 1], [0, 1, 0, 8, 8, 8, 1, 0], [0, 1, 8, 8, 0, 8, 1, 0], [0, 1, 0, 8, 0, 8, 1, 0], [0, 1, 0, 8, 0, 8, 1, 0], [1, 1, 1, 1, 1, 1, 1, 1], [9, 1, 0, 0, 0, 0, 1, 6]], "output": [[0, 4, 2, 2], [4, 4, 0, 2], [0, 9, 0, 6], [0, 9, 0, 6]]}, {"input": [[2, 1, 0, 0, 1, 6], [1, 1, 1, 1, 1, 1], [0, 1, 8, 0, 1, 0], [0, 1, 8, 8, 1, 0], [1, 1, 1, 1, 1, 1], [9, 1, 0, 0, 1, 4]], "output": [[2, 0], [9, 4]]}, {"input": [[5, 1, 0, 0, 0, 0, 1, 4], [1, 1, 1, 1, 1, 1, 1, 1], [0, 1, 8, 0, 0, 8, 1, 0], [0, 1, 8, 0, 8, 0, 1, 0], [0, 1, 0, 8, 0, 8, 1, 0], [0, 1, 8, 0, 8, 8, 1, 0], [1, 1, 1, 1, 1, 1, 1, 1], [6, 1, 0, 0, 0, 0, 1, 9]], "output": [[5, 0, 0, 4], [5, 0, 4, 0], [0, 6, 0, 9], [6, 0, 9, 9]]}, {"input": [[2, 1, 0, 0, 1, 5], [1, 1, 1, 1, 1, 1], [0, 1, 0, 8, 1, 0], [0, 1, 8, 0, 1, 0], [1, 1, 1, 1, 1, 1], [7, 1, 0, 0, 1, 4]], "output": [[0, 5], [7, 0]]}, {"input": [[9, 1, 0, 0, 1, 6], [1, 1, 1, 1, 1, 1], [0, 1, 8, 0, 1, 0], [0, 1, 0, 0, 1, 0], [1, 1, 1, 1, 1, 1], [7, 1, 0, 0, 1, 2]], "output": [[9, 0], [0, 0]]}, {"input": [[2, 1, 0, 0, 1, 3], [1, 1, 1, 1, 1, 1], [0, 1, 8, 8, 1, 0], [0, 1, 0, 8, 1, 0], [1, 1, 1, 1, 1, 1], [7, 1, 0, 0, 1, 4]], "output": [[2, 3], [0, 4]]}, {"input": [[2, 1, 0, 0, 0, 0, 1, 5], [1, 1, 1, 1, 1, 1, 1, 1], [0, 1, 0, 8, 0, 0, 1, 0], [0, 1, 0, 0, 8, 0, 1, 0], [0, 1, 0, 8, 8, 8, 1, 0], [0, 1, 8, 8, 0, 8, 1, 0], [1, 1, 1, 1, 1, 1, 1, 1], [4, 1, 0, 0, 0, 0, 1, 3]], "output": [[0, 2, 0, 0], [0, 0, 5, 0], [0, 4, 3, 3], [4, 4, 0, 3]]}, {"input": [[3, 1, 0, 0, 0, 0, 0, 0, 1, 4], [1, 1, 1, 1, 1, 1, 1, 1, 1, 1], [0, 1, 8, 8, 8, 8, 8, 8, 1, 0], [0, 1, 0, 8, 8, 8, 8, 0, 1, 0], [0, 1, 0, 8, 8, 8, 0, 0, 1, 0], [0, 1, 8, 8, 8, 8, 8, 8, 1, 0], [0, 1, 8, 8, 0, 0, 0, 0, 1, 0], [0, 1, 8, 0, 0, 8, 8, 0, 1, 0], [1, 1, 1, 1, 1, 1, 1, 1, 1, 1], [9, 1, 0, 0, 0, 0, 0, 0, 1, 5]], "output": [[3, 3, 3, 4, 4, 4], [0, 3, 3, 4, 4, 0], [0, 3, 3, 4, 0, 0], [9, 9, 9, 5, 5, 5], [9, 9, 0, 0, 0, 0], [9, 0, 0, 5, 5, 0]]}, {"input": [[3, 1, 0, 0, 1, 4], [1, 1, 1, 1, 1, 1], [0, 1, 8, 8, 1, 0], [0, 1, 0, 8, 1, 0], [1, 1, 1, 1, 1, 1], [6, 1, 0, 0, 1, 5]], "output": [[3, 4], [0, 5]]}, {"input": [[5, 1, 0, 0, 0, 0, 1, 3], [1, 1, 1, 1, 1, 1, 1, 1], [0, 1, 8, 0, 8, 0, 1, 0], [0, 1, 0, 0, 0, 8, 1, 0], [0, 1, 0, 0, 0, 0, 1, 0], [0, 1, 8, 0, 8, 8, 1, 0], [1, 1, 1, 1, 1, 1, 1, 1], [9, 1, 0, 0, 0, 0, 1, 6]], "output": [[5, 0, 3, 0], [0, 0, 0, 3], [0, 0, 0, 0], [9, 0, 6, 6]]}, {"input": [[7, 1, 0, 0, 1, 6], [1, 1, 1, 1, 1, 1], [0, 1, 0, 0, 1, 0], [0, 1, 8, 0, 1, 0], [1, 1, 1, 1, 1, 1], [9, 1, 0, 0, 1, 5]], "output": [[0, 0], [9, 0]]}, {"input": [[3, 1, 0, 0, 0, 0, 0, 0, 1, 6], [1, 1, 1, 1, 1, 1, 1, 1, 1, 1], [0, 1, 0, 8, 0, 8, 8, 0, 1, 0], [0, 1, 8, 8, 8, 0, 8, 0, 1, 0], [0, 1, 0, 0, 8, 0, 8, 8, 1, 0], [0, 1, 0, 0, 0, 8, 0, 0, 1, 0], [0, 1, 0, 8, 0, 0, 0, 8, 1, 0], [0, 1, 8, 0, 8, 8, 8, 8, 1, 0], [1, 1, 1, 1, 1, 1, 1, 1, 1, 1], [7, 1, 0, 0, 0, 0, 0, 0, 1, 4]], "output": [[0, 3, 0, 6, 6, 0], [3, 3, 3, 0, 6, 0], [0, 0, 3, 0, 6, 6], [0, 0, 0, 4, 0, 0], [0, 7, 0, 0, 0, 4], [7, 0, 7, 4, 4, 4]]}, {"input": [[5, 1, 0, 0, 1, 7], [1, 1, 1, 1, 1, 1], [0, 1, 8, 8, 1, 0], [0, 1, 0, 0, 1, 0], [1, 1, 1, 1, 1, 1], [2, 1, 0, 0, 1, 4]], "output": [[5, 7], [0, 0]]}, {"input": [[3, 1, 0, 0, 0, 0, 1, 9], [1, 1, 1, 1, 1, 1, 1, 1], [0, 1, 0, 0, 8, 8, 1, 0], [0, 1, 8, 0, 8, 0, 1, 0], [0, 1, 8, 0, 0, 0, 1, 0], [0, 1, 8, 8, 0, 8, 1, 0], [1, 1, 1, 1, 1, 1, 1, 1], [7, 1, 0, 0, 0, 0, 1, 4]], "output": [[0, 0, 9, 9], [3, 0, 9, 0], [7, 0, 0, 0], [7, 7, 0, 4]]}, {"input": [[7, 1, 0, 0, 0, 0, 0, 0, 1, 6], [1, 1, 1, 1, 1, 1, 1, 1, 1, 1], [0, 1, 0, 0, 8, 8, 0, 8, 1, 0], [0, 1, 8, 8, 0, 0, 8, 8, 1, 0], [0, 1, 0, 0, 0, 0, 8, 0, 1, 0], [0, 1, 0, 0, 8, 8, 0, 8, 1, 0], [0, 1, 0, 8, 0, 8, 8, 8, 1, 0], [0, 1, 8, 8, 0, 0, 8, 8, 1, 0], [1, 1, 1, 1, 1, 1, 1, 1, 1, 1], [9, 1, 0, 0, 0, 0, 0, 0, 1, 5]], "output": [[0, 0, 7, 6, 0, 6], [7, 7, 0, 0, 6, 6], [0, 0, 0, 0, 6, 0], [0, 0, 9, 5, 0, 5], [0, 9, 0, 5, 5, 5], [9, 9, 0, 0, 5, 5]]}, {"input": [[5, 1, 0, 0, 1, 7], [1, 1, 1, 1, 1, 1], [0, 1, 8, 0, 1, 0], [0, 1, 8, 0, 1, 0], [1, 1, 1, 1, 1, 1], [2, 1, 0, 0, 1, 9]], "output": [[5, 0], [2, 0]]}, {"input": [[5, 1, 0, 0, 0, 0, 1, 4], [1, 1, 1, 1, 1, 1, 1, 1], [0, 1, 0, 0, 8, 0, 1, 0], [0, 1, 0, 8, 8, 0, 1, 0], [0, 1, 8, 0, 0, 8, 1, 0], [0, 1, 8, 8, 8, 0, 1, 0], [1, 1, 1, 1, 1, 1, 1, 1], [3, 1, 0, 0, 0, 0, 1, 6]], "output": [[0, 0, 4, 0], [0, 5, 4, 0], [3, 0, 0, 6], [3, 3, 6, 0]]}, {"input": [[6, 1, 0, 0, 1, 9], [1, 1, 1, 1, 1, 1], [0, 1, 8, 0, 1, 0], [0, 1, 0, 8, 1, 0], [1, 1, 1, 1, 1, 1], [2, 1, 0, 0, 1, 4]], "output": [[6, 0], [0, 4]]}, {"input": [[6, 1, 0, 0, 1, 9], [1, 1, 1, 1, 1, 1], [0, 1, 0, 0, 1, 0], [0, 1, 0, 8, 1, 0], [1, 1, 1, 1, 1, 1], [7, 1, 0, 0, 1, 2]], "output": [[0, 0], [0, 2]]}, {"input": [[9, 1, 0, 0, 1, 5], [1, 1, 1, 1, 1, 1], [0, 1, 8, 0, 1, 0], [0, 1, 0, 8, 1, 0], [1, 1, 1, 1, 1, 1], [6, 1, 0, 0, 1, 3]], "output": [[9, 0], [0, 3]]}, {"input": [[4, 1, 0, 0, 1, 3], [1, 1, 1, 1, 1, 1], [0, 1, 8, 0, 1, 0], [0, 1, 0, 0, 1, 0], [1, 1, 1, 1, 1, 1], [2, 1, 0, 0, 1, 6]], "output": [[4, 0], [0, 0]]}, {"input": [[6, 1, 0, 0, 1, 3], [1, 1, 1, 1, 1, 1], [0, 1, 8, 8, 1, 0], [0, 1, 8, 8, 1, 0], [1, 1, 1, 1, 1, 1], [7, 1, 0, 0, 1, 4]], "output": [[6, 3], [7, 4]]}, {"input": [[6, 1, 0, 0, 0, 0, 0, 0, 1, 9], [1, 1, 1, 1, 1, 1, 1, 1, 1, 1], [0, 1, 8, 8, 0, 8, 0, 8, 1, 0], [0, 1, 0, 0, 0, 8, 0, 8, 1, 0], [0, 1, 8, 0, 0, 8, 0, 0, 1, 0], [0, 1, 8, 0, 8, 0, 8, 8, 1, 0], [0, 1, 8, 0, 0, 0, 0, 0, 1, 0], [0, 1, 8, 0, 8, 8, 0, 0, 1, 0], [1, 1, 1, 1, 1, 1, 1, 1, 1, 1], [2, 1, 0, 0, 0, 0, 0, 0, 1, 7]], "output": [[6, 6, 0, 9, 0, 9], [0, 0, 0, 9, 0, 9], [6, 0, 0, 9, 0, 0], [2, 0, 2, 0, 7, 7], [2, 0, 0, 0, 0, 0], [2, 0, 2, 7, 0, 0]]}, {"input": [[4, 1, 0, 0, 0, 0, 1, 2], [1, 1, 1, 1, 1, 1, 1, 1], [0, 1, 8, 0, 8, 0, 1, 0], [0, 1, 0, 8, 0, 0, 1, 0], [0, 1, 0, 8, 0, 0, 1, 0], [0, 1, 0, 8, 0, 8, 1, 0], [1, 1, 1, 1, 1, 1, 1, 1], [9, 1, 0, 0, 0, 0, 1, 5]], "output": [[4, 0, 2, 0], [0, 4, 0, 0], [0, 9, 0, 0], [0, 9, 0, 5]]}, {"input": [[2, 1, 0, 0, 1, 5], [1, 1, 1, 1, 1, 1], [0, 1, 8, 0, 1, 0], [0, 1, 0, 0, 1, 0], [1, 1, 1, 1, 1, 1], [9, 1, 0, 0, 1, 6]], "output": [[2, 0], [0, 0]]}, {"input": [[5, 1, 0, 0, 0, 0, 1, 7], [1, 1, 1, 1, 1, 1, 1, 1], [0, 1, 8, 0, 8, 0, 1, 0], [0, 1, 0, 0, 8, 0, 1, 0], [0, 1, 8, 0, 0, 8, 1, 0], [0, 1, 8, 0, 0, 0, 1, 0], [1, 1, 1, 1, 1, 1, 1, 1], [6, 1, 0, 0, 0, 0, 1, 4]], "output": [[5, 0, 7, 0], [0, 0, 7, 0], [6, 0, 0, 4], [6, 0, 0, 0]]}, {"input": [[5, 1, 0, 0, 0, 0, 0, 0, 1, 9], [1, 1, 1, 1, 1, 1, 1, 1, 1, 1], [0, 1, 8, 0, 0, 8, 8, 8, 1, 0], [0, 1, 8, 0, 0, 0, 0, 8, 1, 0], [0, 1, 0, 0, 8, 0, 8, 0, 1, 0], [0, 1, 8, 0, 0, 0, 0, 8, 1, 0], [0, 1, 8, 0, 0, 0, 0, 0, 1, 0], [0, 1, 8, 0, 0, 8, 8, 8, 1, 0], [1, 1, 1, 1, 1, 1, 1, 1, 1, 1], [6, 1, 0, 0, 0, 0, 0, 0, 1, 2]], "output": [[5, 0, 0, 9, 9, 9], [5, 0, 0, 0, 0, 9], [0, 0, 5, 0, 9, 0], [6, 0, 0, 0, 0, 2], [6, 0, 0, 0, 0, 0], [6, 0, 0, 2, 2, 2]]}, {"input": [[2, 1, 0, 0, 1, 6], [1, 1, 1, 1, 1, 1], [0, 1, 0, 0, 1, 0], [0, 1, 8, 8, 1, 0], [1, 1, 1, 1, 1, 1], [4, 1, 0, 0, 1, 9]], "output": [[0, 0], [4, 9]]}, {"input": [[4, 1, 0, 0, 0, 0, 0, 0, 1, 7], [1, 1, 1, 1, 1, 1, 1, 1, 1, 1], [0, 1, 8, 0, 0, 8, 0, 8, 1, 0], [0, 1, 0, 8, 8, 8, 0, 8, 1, 0], [0, 1, 0, 8, 0, 0, 0, 8, 1, 0], [0, 1, 8, 8, 0, 0, 8, 0, 1, 0], [0, 1, 8, 0, 8, 8, 0, 0, 1, 0], [0, 1, 0, 0, 8, 8, 0, 0, 1, 0], [1, 1, 1, 1, 1, 1, 1, 1, 1, 1], [9, 1, 0, 0, 0, 0, 0, 0, 1, 2]], "output": [[4, 0, 0, 7, 0, 7], [0, 4, 4, 7, 0, 7], [0, 4, 0, 0, 0, 7], [9, 9, 0, 0, 2, 0], [9, 0, 9, 2, 0, 0], [0, 0, 9, 2, 0, 0]]}, {"input": [[9, 1, 0, 0, 0, 0, 0, 0, 1, 3], [1, 1, 1, 1, 1, 1, 1, 1, 1, 1], [0, 1, 0, 8, 8, 8, 8, 8, 1, 0], [0, 1, 0, 8, 0, 8, 0, 8, 1, 0], [0, 1, 8, 8, 0, 0, 0, 0, 1, 0], [0, 1, 0, 0, 0, 8, 0, 0, 1, 0], [0, 1, 0, 0, 0, 8, 8, 8, 1, 0], [0, 1, 0, 8, 0, 8, 8, 0, 1, 0], [1, 1, 1, 1, 1, 1, 1, 1, 1, 1], [6, 1, 0, 0, 0, 0, 0, 0, 1, 4]], "output": [[0, 9, 9, 3, 3, 3], [0, 9, 0, 3, 0, 3], [9, 9, 0, 0, 0, 0], [0, 0, 0, 4, 0, 0], [0, 0, 0, 4, 4, 4], [0, 6, 0, 4, 4, 0]]}, {"input": [[3, 1, 0, 0, 0, 0, 0, 0, 1, 7], [1, 1, 1, 1, 1, 1, 1, 1, 1, 1], [0, 1, 8, 8, 0, 8, 0, 0, 1, 0], [0, 1, 8, 0, 0, 0, 0, 8, 1, 0], [0, 1, 8, 0, 8, 8, 8, 0, 1, 0], [0, 1, 8, 8, 8, 0, 0, 0, 1, 0], [0, 1, 0, 0, 0, 0, 0, 8, 1, 0], [0, 1, 0, 8, 8, 0, 0, 8, 1, 0], [1, 1, 1, 1, 1, 1, 1, 1, 1, 1], [9, 1, 0, 0, 0, 0, 0, 0, 1, 2]], "output": [[3, 3, 0, 7, 0, 0], [3, 0, 0, 0, 0, 7], [3, 0, 3, 7, 7, 0], [9, 9, 9, 0, 0, 0], [0, 0, 0, 0, 0, 2], [0, 9, 9, 0, 0, 2]]}, {"input": [[9, 1, 0, 0, 0, 0, 0, 0, 1, 4], [1, 1, 1, 1, 1, 1, 1, 1, 1, 1], [0, 1, 0, 0, 8, 8, 8, 8, 1, 0], [0, 1, 0, 8, 8, 8, 0, 0, 1, 0], [0, 1, 0, 0, 0, 0, 8, 8, 1, 0], [0, 1, 8, 8, 8, 8, 0, 0, 1, 0], [0, 1, 8, 0, 8, 0, 0, 0, 1, 0], [0, 1, 0, 8, 0, 0, 0, 0, 1, 0], [1, 1, 1, 1, 1, 1, 1, 1, 1, 1], [6, 1, 0, 0, 0, 0, 0, 0, 1, 7]], "output": [[0, 0, 9, 4, 4, 4], [0, 9, 9, 4, 0, 0], [0, 0, 0, 0, 4, 4], [6, 6, 6, 7, 0, 0], [6, 0, 6, 0, 0, 0], [0, 6, 0, 0, 0, 0]]}, {"input": [[2, 1, 0, 0, 0, 0, 1, 7], [1, 1, 1, 1, 1, 1, 1, 1], [0, 1, 0, 8, 0, 8, 1, 0], [0, 1, 8, 0, 8, 0, 1, 0], [0, 1, 8, 0, 8, 0, 1, 0], [0, 1, 0, 8, 0, 0, 1, 0], [1, 1, 1, 1, 1, 1, 1, 1], [6, 1, 0, 0, 0, 0, 1, 5]], "output": [[0, 2, 0, 7], [2, 0, 7, 0], [6, 0, 5, 0], [0, 6, 0, 0]]}, {"input": [[5, 1, 0, 0, 0, 0, 0, 0, 1, 3], [1, 1, 1, 1, 1, 1, 1, 1, 1, 1], [0, 1, 0, 0, 8, 8, 0, 8, 1, 0], [0, 1, 8, 0, 0, 0, 0, 0, 1, 0], [0, 1, 8, 8, 0, 0, 8, 0, 1, 0], [0, 1, 0, 8, 0, 0, 8, 0, 1, 0], [0, 1, 0, 0, 8, 0, 8, 8, 1, 0], [0, 1, 8, 8, 0, 0, 8, 8, 1, 0], [1, 1, 1, 1, 1, 1, 1, 1, 1, 1], [6, 1, 0, 0, 0, 0, 0, 0, 1, 4]], "output": [[0, 0, 5, 3, 0, 3], [5, 0, 0, 0, 0, 0], [5, 5, 0, 0, 3, 0], [0, 6, 0, 0, 4, 0], [0, 0, 6, 0, 4, 4], [6, 6, 0, 0, 4, 4]]}, {"input": [[9, 1, 0, 0, 0, 0, 0, 0, 1, 4], [1, 1, 1, 1, 1, 1, 1, 1, 1, 1], [0, 1, 8, 0, 8, 0, 0, 0, 1, 0], [0, 1, 8, 0, 0, 0, 8, 8, 1, 0], [0, 1, 8, 8, 8, 0, 0, 8, 1, 0], [0, 1, 0, 8, 0, 8, 0, 0, 1, 0], [0, 1, 0, 0, 8, 8, 8, 8, 1, 0], [0, 1, 8, 0, 8, 0, 0, 0, 1, 0], [1, 1, 1, 1, 1, 1, 1, 1, 1, 1], [2, 1, 0, 0, 0, 0, 0, 0, 1, 7]], "output": [[9, 0, 9, 0, 0, 0], [9, 0, 0, 0, 4, 4], [9, 9, 9, 0, 0, 4], [0, 2, 0, 7, 0, 0], [0, 0, 2, 7, 7, 7], [2, 0, 2, 0, 0, 0]]}, {"input": [[2, 1, 0, 0, 0, 0, 1, 3], [1, 1, 1, 1, 1, 1, 1, 1], [0, 1, 8, 0, 0, 8, 1, 0], [0, 1, 8, 8, 8, 8, 1, 0], [0, 1, 8, 0, 8, 0, 1, 0], [0, 1, 8, 0, 8, 8, 1, 0], [1, 1, 1, 1, 1, 1, 1, 1], [5, 1, 0, 0, 0, 0, 1, 9]], "output": [[2, 0, 0, 3], [2, 2, 3, 3], [5, 0, 9, 0], [5, 0, 9, 9]]}, {"input": [[7, 1, 0, 0, 0, 0, 1, 9], [1, 1, 1, 1, 1, 1, 1, 1], [0, 1, 0, 0, 0, 8, 1, 0], [0, 1, 0, 8, 8, 8, 1, 0], [0, 1, 8, 0, 0, 8, 1, 0], [0, 1, 0, 0, 0, 0, 1, 0], [1, 1, 1, 1, 1, 1, 1, 1], [4, 1, 0, 0, 0, 0, 1, 5]], "output": [[0, 0, 0, 9], [0, 7, 9, 9], [4, 0, 0, 5], [0, 0, 0, 0]]}, {"input": [[2, 1, 0, 0, 1, 7], [1, 1, 1, 1, 1, 1], [0, 1, 8, 8, 1, 0], [0, 1, 0, 0, 1, 0], [1, 1, 1, 1, 1, 1], [3, 1, 0, 0, 1, 5]], "output": [[2, 7], [0, 0]]}, {"input": [[2, 1, 0, 0, 1, 5], [1, 1, 1, 1, 1, 1], [0, 1, 8, 8, 1, 0], [0, 1, 0, 8, 1, 0], [1, 1, 1, 1, 1, 1], [4, 1, 0, 0, 1, 3]], "output": [[2, 5], [0, 3]]}, {"input": [[2, 1, 0, 0, 0, 0, 1, 5], [1, 1, 1, 1, 1, 1, 1, 1], [0, 1, 0, 0, 8, 0, 1, 0], [0, 1, 8, 0, 0, 0, 1, 0], [0, 1, 0, 0, 0, 0, 1, 0], [0, 1, 0, 0, 8, 8, 1, 0], [1, 1, 1, 1, 1, 1, 1, 1], [7, 1, 0, 0, 0, 0, 1, 9]], "output": [[0, 0, 5, 0], [2, 0, 0, 0], [0, 0, 0, 0], [0, 0, 9, 9]]}, {"input": [[5, 1, 0, 0, 0, 0, 0, 0, 1, 3], [1, 1, 1, 1, 1, 1, 1, 1, 1, 1], [0, 1, 0, 8, 0, 8, 0, 8, 1, 0], [0, 1, 8, 0, 8, 0, 8, 8, 1, 0], [0, 1, 0, 0, 8, 8, 8, 8, 1, 0], [0, 1, 8, 0, 8, 8, 0, 8, 1, 0], [0, 1, 8, 8, 0, 8, 0, 8, 1, 0], [0, 1, 8, 8, 8, 8, 0, 0, 1, 0], [1, 1, 1, 1, 1, 1, 1, 1, 1, 1], [2, 1, 0, 0, 0, 0, 0, 0, 1, 6]], "output": [[0, 5, 0, 3, 0, 3], [5, 0, 5, 0, 3, 3], [0, 0, 5, 3, 3, 3], [2, 0, 2, 6, 0, 6], [2, 2, 0, 6, 0, 6], [2, 2, 2, 6, 0, 0]]}, {"input": [[3, 1, 0, 0, 0, 0, 1, 4], [1, 1, 1, 1, 1, 1, 1, 1], [0, 1, 0, 8, 0, 8, 1, 0], [0, 1, 8, 8, 0, 0, 1, 0], [0, 1, 0, 0, 8, 0, 1, 0], [0, 1, 0, 0, 8, 0, 1, 0], [1, 1, 1, 1, 1, 1, 1, 1], [5, 1, 0, 0, 0, 0, 1, 9]], "output": [[0, 3, 0, 4], [3, 3, 0, 0], [0, 0, 9, 0], [0, 0, 9, 0]]}, {"input": [[9, 1, 0, 0, 0, 0, 0, 0, 1, 3], [1, 1, 1, 1, 1, 1, 1, 1, 1, 1], [0, 1, 8, 8, 8, 8, 0, 0, 1, 0], [0, 1, 0, 8, 8, 8, 0, 0, 1, 0], [0, 1, 0, 8, 0, 0, 8, 0, 1, 0], [0, 1, 0, 0, 0, 8, 8, 8, 1, 0], [0, 1, 8, 0, 8, 0, 0, 8, 1, 0], [0, 1, 0, 8, 0, 8, 0, 8, 1, 0], [1, 1, 1, 1, 1, 1, 1, 1, 1, 1], [4, 1, 0, 0, 0, 0, 0, 0, 1, 7]], "output": [[9, 9, 9, 3, 0, 0], [0, 9, 9, 3, 0, 0], [0, 9, 0, 0, 3, 0], [0, 0, 0, 7, 7, 7], [4, 0, 4, 0, 0, 7], [0, 4, 0, 7, 0, 7]]}, {"input": [[4, 1, 0, 0, 0, 0, 1, 7], [1, 1, 1, 1, 1, 1, 1, 1], [0, 1, 8, 8, 8, 0, 1, 0], [0, 1, 8, 8, 0, 0, 1, 0], [0, 1, 0, 8, 8, 0, 1, 0], [0, 1, 0, 0, 0, 8, 1, 0], [1, 1, 1, 1, 1, 1, 1, 1], [2, 1, 0, 0, 0, 0, 1, 3]], "output": [[4, 4, 7, 0], [4, 4, 0, 0], [0, 2, 3, 0], [0, 0, 0, 3]]}, {"input": [[5, 1, 0, 0, 1, 3], [1, 1, 1, 1, 1, 1], [0, 1, 8, 8, 1, 0], [0, 1, 0, 0, 1, 0], [1, 1, 1, 1, 1, 1], [4, 1, 0, 0, 1, 7]], "output": [[5, 3], [0, 0]]}, {"input": [[9, 1, 0, 0, 0, 0, 0, 0, 1, 3], [1, 1, 1, 1, 1, 1, 1, 1, 1, 1], [0, 1, 0, 8, 0, 8, 8, 0, 1, 0], [0, 1, 8, 0, 8, 0, 8, 8, 1, 0], [0, 1, 8, 0, 0, 8, 0, 0, 1, 0], [0, 1, 8, 8, 8, 0, 8, 8, 1, 0], [0, 1, 0, 0, 8, 0, 8, 0, 1, 0], [0, 1, 0, 0, 0, 8, 8, 0, 1, 0], [1, 1, 1, 1, 1, 1, 1, 1, 1, 1], [4, 1, 0, 0, 0, 0, 0, 0, 1, 2]], "output": [[0, 9, 0, 3, 3, 0], [9, 0, 9, 0, 3, 3], [9, 0, 0, 3, 0, 0], [4, 4, 4, 0, 2, 2], [0, 0, 4, 0, 2, 0], [0, 0, 0, 2, 2, 0]]}, {"input": [[3, 1, 0, 0, 1, 9], [1, 1, 1, 1, 1, 1], [0, 1, 8, 8, 1, 0], [0, 1, 0, 8, 1, 0], [1, 1, 1, 1, 1, 1], [6, 1, 0, 0, 1, 2]], "output": [[3, 9], [0, 2]]}, {"input": [[5, 1, 0, 0, 0, 0, 0, 0, 1, 3], [1, 1, 1, 1, 1, 1, 1, 1, 1, 1], [0, 1, 0, 0, 8, 0, 8, 0, 1, 0], [0, 1, 0, 0, 8, 8, 0, 0, 1, 0], [0, 1, 0, 0, 8, 8, 0, 0, 1, 0], [0, 1, 0, 8, 0, 0, 0, 0, 1, 0], [0, 1, 0, 8, 0, 8, 8, 0, 1, 0], [0, 1, 0, 0, 8, 8, 8, 0, 1, 0], [1, 1, 1, 1, 1, 1, 1, 1, 1, 1], [9, 1, 0, 0, 0, 0, 0, 0, 1, 7]], "output": [[0, 0, 5, 0, 3, 0], [0, 0, 5, 3, 0, 0], [0, 0, 5, 3, 0, 0], [0, 9, 0, 0, 0, 0], [0, 9, 0, 7, 7, 0], [0, 0, 9, 7, 7, 0]]}, {"input": [[3, 1, 0, 0, 0, 0, 0, 0, 1, 7], [1, 1, 1, 1, 1, 1, 1, 1, 1, 1], [0, 1, 0, 0, 0, 8, 8, 0, 1, 0], [0, 1, 0, 8, 0, 8, 0, 0, 1, 0], [0, 1, 8, 8, 8, 0, 0, 0, 1, 0], [0, 1, 0, 0, 0, 8, 0, 0, 1, 0], [0, 1, 8, 0, 0, 0, 0, 8, 1, 0], [0, 1, 0, 0, 8, 0, 0, 8, 1, 0], [1, 1, 1, 1, 1, 1, 1, 1, 1, 1], [6, 1, 0, 0, 0, 0, 0, 0, 1, 2]], "output": [[0, 0, 0, 7, 7, 0], [0, 3, 0, 7, 0, 0], [3, 3, 3, 0, 0, 0], [0, 0, 0, 2, 0, 0], [6, 0, 0, 0, 0, 2], [0, 0, 6, 0, 0, 2]]}, {"input": [[6, 1, 0, 0, 0, 0, 0, 0, 1, 3], [1, 1, 1, 1, 1, 1, 1, 1, 1, 1], [0, 1, 8, 8, 0, 8, 0, 8, 1, 0], [0, 1, 0, 0, 0, 0, 8, 8, 1, 0], [0, 1, 8, 8, 0, 0, 0, 8, 1, 0], [0, 1, 8, 8, 8, 8, 8, 8, 1, 0], [0, 1, 8, 8, 8, 8, 0, 8, 1, 0], [0, 1, 0, 8, 8, 8, 0, 0, 1, 0], [1, 1, 1, 1, 1, 1, 1, 1, 1, 1], [4, 1, 0, 0, 0, 0, 0, 0, 1, 5]], "output": [[6, 6, 0, 3, 0, 3], [0, 0, 0, 0, 3, 3], [6, 6, 0, 0, 0, 3], [4, 4, 4, 5, 5, 5], [4, 4, 4, 5, 0, 5], [0, 4, 4, 5, 0, 0]]}, {"input": [[5, 1, 0, 0, 0, 0, 1, 7], [1, 1, 1, 1, 1, 1, 1, 1], [0, 1, 0, 0, 0, 8, 1, 0], [0, 1, 8, 8, 8, 8, 1, 0], [0, 1, 0, 0, 0, 0, 1, 0], [0, 1, 8, 8, 8, 8, 1, 0], [1, 1, 1, 1, 1, 1, 1, 1], [3, 1, 0, 0, 0, 0, 1, 2]], "output": [[0, 0, 0, 7], [5, 5, 7, 7], [0, 0, 0, 0], [3, 3, 2, 2]]}, {"input": [[3, 1, 0, 0, 0, 0, 1, 7], [1, 1, 1, 1, 1, 1, 1, 1], [0, 1, 0, 0, 8, 0, 1, 0], [0, 1, 0, 0, 0, 8, 1, 0], [0, 1, 0, 0, 8, 0, 1, 0], [0, 1, 8, 0, 0, 0, 1, 0], [1, 1, 1, 1, 1, 1, 1, 1], [4, 1, 0, 0, 0, 0, 1, 5]], "output": [[0, 0, 7, 0], [0, 0, 0, 7], [0, 0, 5, 0], [4, 0, 0, 0]]}, {"input": [[2, 1, 0, 0, 0, 0, 0, 0, 1, 3], [1, 1, 1, 1, 1, 1, 1, 1, 1, 1], [0, 1, 0, 0, 8, 0, 0, 0, 1, 0], [0, 1, 0, 0, 8, 0, 0, 0, 1, 0], [0, 1, 0, 8, 8, 8, 0, 0, 1, 0], [0, 1, 0, 0, 8, 8, 0, 0, 1, 0], [0, 1, 0, 0, 0, 0, 0, 0, 1, 0], [0, 1, 0, 8, 0, 0, 0, 8, 1, 0], [1, 1, 1, 1, 1, 1, 1, 1, 1, 1], [4, 1, 0, 0, 0, 0, 0, 0, 1, 9]], "output": [[0, 0, 2, 0, 0, 0], [0, 0, 2, 0, 0, 0], [0, 2, 2, 3, 0, 0], [0, 0, 4, 9, 0, 0], [0, 0, 0, 0, 0, 0], [0, 4, 0, 0, 0, 9]]}, {"input": [[3, 1, 0, 0, 0, 0, 0, 0, 1, 2], [1, 1, 1, 1, 1, 1, 1, 1, 1, 1], [0, 1, 0, 8, 8, 8, 0, 8, 1, 0], [0, 1, 0, 8, 0, 8, 0, 0, 1, 0], [0, 1, 0, 8, 8, 0, 8, 8, 1, 0], [0, 1, 0, 0, 0, 8, 0, 0, 1, 0], [0, 1, 0, 0, 0, 0, 8, 8, 1, 0], [0, 1, 0, 0, 8, 8, 0, 8, 1, 0], [1, 1, 1, 1, 1, 1, 1, 1, 1, 1], [7, 1, 0, 0, 0, 0, 0, 0, 1, 9]], "output": [[0, 3, 3, 2, 0, 2], [0, 3, 0, 2, 0, 0], [0, 3, 3, 0, 2, 2], [0, 0, 0, 9, 0, 0], [0, 0, 0, 0, 9, 9], [0, 0, 7, 9, 0, 9]]}, {"input": [[3, 1, 0, 0, 0, 0, 0, 0, 1, 4], [1, 1, 1, 1, 1, 1, 1, 1, 1, 1], [0, 1, 8, 0, 0, 8, 0, 8, 1, 0], [0, 1, 0, 0, 0, 0, 0, 8, 1, 0], [0, 1, 0, 0, 0, 8, 0, 0, 1, 0], [0, 1, 8, 0, 0, 8, 8, 0, 1, 0], [0, 1, 8, 0, 0, 8, 0, 8, 1, 0], [0, 1, 8, 8, 8, 8, 0, 0, 1, 0], [1, 1, 1, 1, 1, 1, 1, 1, 1, 1], [7, 1, 0, 0, 0, 0, 0, 0, 1, 2]], "output": [[3, 0, 0, 4, 0, 4], [0, 0, 0, 0, 0, 4], [0, 0, 0, 4, 0, 0], [7, 0, 0, 2, 2, 0], [7, 0, 0, 2, 0, 2], [7, 7, 7, 2, 0, 0]]}, {"input": [[2, 1, 0, 0, 0, 0, 1, 6], [1, 1, 1, 1, 1, 1, 1, 1], [0, 1, 0, 0, 0, 8, 1, 0], [0, 1, 0, 0, 0, 8, 1, 0], [0, 1, 8, 8, 8, 8, 1, 0], [0, 1, 8, 8, 0, 0, 1, 0], [1, 1, 1, 1, 1, 1, 1, 1], [4, 1, 0, 0, 0, 0, 1, 5]], "output": [[0, 0, 0, 6], [0, 0, 0, 6], [4, 4, 5, 5], [4, 4, 0, 0]]}, {"input": [[4, 1, 0, 0, 0, 0, 1, 9], [1, 1, 1, 1, 1, 1, 1, 1], [0, 1, 0, 0, 0, 0, 1, 0], [0, 1, 0, 8, 0, 0, 1, 0], [0, 1, 0, 8, 0, 8, 1, 0], [0, 1, 8, 0, 8, 8, 1, 0], [1, 1, 1, 1, 1, 1, 1, 1], [6, 1, 0, 0, 0, 0, 1, 5]], "output": [[0, 0, 0, 0], [0, 4, 0, 0], [0, 6, 0, 5], [6, 0, 5, 5]]}, {"input": [[5, 1, 0, 0, 1, 9], [1, 1, 1, 1, 1, 1], [0, 1, 0, 0, 1, 0], [0, 1, 8, 0, 1, 0], [1, 1, 1, 1, 1, 1], [3, 1, 0, 0, 1, 6]], "output": [[0, 0], [3, 0]]}, {"input": [[9, 1, 0, 0, 0, 0, 0, 0, 1, 7], [1, 1, 1, 1, 1, 1, 1, 1, 1, 1], [0, 1, 8, 0, 0, 0, 0, 0, 1, 0], [0, 1, 8, 8, 8, 8, 8, 0, 1, 0], [0, 1, 8, 0, 8, 8, 8, 8, 1, 0], [0, 1, 8, 0, 0, 8, 0, 0, 1, 0], [0, 1, 0, 8, 8, 8, 8, 8, 1, 0], [0, 1, 0, 8, 0, 0, 0, 0, 1, 0], [1, 1, 1, 1, 1, 1, 1, 1, 1, 1], [3, 1, 0, 0, 0, 0, 0, 0, 1, 5]], "output": [[9, 0, 0, 0, 0, 0], [9, 9, 9, 7, 7, 0], [9, 0, 9, 7, 7, 7], [3, 0, 0, 5, 0, 0], [0, 3, 3, 5, 5, 5], [0, 3, 0, 0, 0, 0]]}, {"input": [[9, 1, 0, 0, 1, 7], [1, 1, 1, 1, 1, 1], [0, 1, 0, 8, 1, 0], [0, 1, 8, 0, 1, 0], [1, 1, 1, 1, 1, 1], [4, 1, 0, 0, 1, 3]], "output": [[0, 7], [4, 0]]}, {"input": [[3, 1, 0, 0, 0, 0, 1, 5], [1, 1, 1, 1, 1, 1, 1, 1], [0, 1, 0, 8, 8, 0, 1, 0], [0, 1, 8, 8, 0, 8, 1, 0], [0, 1, 8, 8, 8, 8, 1, 0], [0, 1, 8, 8, 8, 0, 1, 0], [1, 1, 1, 1, 1, 1, 1, 1], [6, 1, 0, 0, 0, 0, 1, 9]], "output": [[0, 3, 5, 0], [3, 3, 0, 5], [6, 6, 9, 9], [6, 6, 9, 0]]}, {"input": [[2, 1, 0, 0, 0, 0, 1, 6], [1, 1, 1, 1, 1, 1, 1, 1], [0, 1, 8, 8, 0, 0, 1, 0], [0, 1, 8, 0, 8, 0, 1, 0], [0, 1, 8, 0, 8, 0, 1, 0], [0, 1, 0, 8, 0, 8, 1, 0], [1, 1, 1, 1, 1, 1, 1, 1], [3, 1, 0, 0, 0, 0, 1, 5]], "output": [[2, 2, 0, 0], [2, 0, 6, 0], [3, 0, 5, 0], [0, 3, 0, 5]]}, {"input": [[9, 1, 0, 0, 1, 6], [1, 1, 1, 1, 1, 1], [0, 1, 0, 0, 1, 0], [0, 1, 8, 0, 1, 0], [1, 1, 1, 1, 1, 1], [7, 1, 0, 0, 1, 3]], "output": [[0, 0], [7, 0]]}, {"input": [[2, 1, 0, 0, 0, 0, 0, 0, 1, 9], [1, 1, 1, 1, 1, 1, 1, 1, 1, 1], [0, 1, 8, 8, 8, 8, 8, 8, 1, 0], [0, 1, 0, 8, 8, 8, 8, 8, 1, 0], [0, 1, 0, 8, 0, 0, 0, 0, 1, 0], [0, 1, 8, 8, 0, 8, 8, 0, 1, 0], [0, 1, 0, 0, 8, 0, 0, 8, 1, 0], [0, 1, 0, 8, 8, 8, 8, 0, 1, 0], [1, 1, 1, 1, 1, 1, 1, 1, 1, 1], [6, 1, 0, 0, 0, 0, 0, 0, 1, 5]], "output": [[2, 2, 2, 9, 9, 9], [0, 2, 2, 9, 9, 9], [0, 2, 0, 0, 0, 0], [6, 6, 0, 5, 5, 0], [0, 0, 6, 0, 0, 5], [0, 6, 6, 5, 5, 0]]}, {"input": [[4, 1, 0, 0, 0, 0, 0, 0, 1, 3], [1, 1, 1, 1, 1, 1, 1, 1, 1, 1], [0, 1, 8, 0, 8, 8, 8, 8, 1, 0], [0, 1, 0, 8, 0, 8, 8, 0, 1, 0], [0, 1, 0, 8, 0, 8, 0, 0, 1, 0], [0, 1, 0, 8, 8, 8, 8, 8, 1, 0], [0, 1, 0, 8, 8, 8, 0, 0, 1, 0], [0, 1, 0, 8, 8, 0, 8, 0, 1, 0], [1, 1, 1, 1, 1, 1, 1, 1, 1, 1], [5, 1, 0, 0, 0, 0, 0, 0, 1, 2]], "output": [[4, 0, 4, 3, 3, 3], [0, 4, 0, 3, 3, 0], [0, 4, 0, 3, 0, 0], [0, 5, 5, 2, 2, 2], [0, 5, 5, 2, 0, 0], [0, 5, 5, 0, 2, 0]]}, {"input": [[3, 1, 0, 0, 1, 4], [1, 1, 1, 1, 1, 1], [0, 1, 8, 8, 1, 0], [0, 1, 0, 8, 1, 0], [1, 1, 1, 1, 1, 1], [2, 1, 0, 0, 1, 9]], "output": [[3, 4], [0, 9]]}, {"input": [[5, 1, 0, 0, 0, 0, 1, 9], [1, 1, 1, 1, 1, 1, 1, 1], [0, 1, 0, 8, 0, 0, 1, 0], [0, 1, 0, 0, 8, 8, 1, 0], [0, 1, 0, 8, 8, 8, 1, 0], [0, 1, 0, 8, 0, 8, 1, 0], [1, 1, 1, 1, 1, 1, 1, 1], [6, 1, 0, 0, 0, 0, 1, 4]], "output": [[0, 5, 0, 0], [0, 0, 9, 9], [0, 6, 4, 4], [0, 6, 0, 4]]}, {"input": [[6, 1, 0, 0, 1, 4], [1, 1, 1, 1, 1, 1], [0, 1, 0, 8, 1, 0], [0, 1, 8, 0, 1, 0], [1, 1, 1, 1, 1, 1], [7, 1, 0, 0, 1, 9]], "output": [[0, 4], [7, 0]]}, {"input": [[4, 1, 0, 0, 0, 0, 0, 0, 1, 5], [1, 1, 1, 1, 1, 1, 1, 1, 1, 1], [0, 1, 0, 0, 8, 8, 8, 8, 1, 0], [0, 1, 0, 0, 8, 0, 0, 0, 1, 0], [0, 1, 0, 8, 8, 0, 8, 8, 1, 0], [0, 1, 0, 8, 0, 8, 8, 8, 1, 0], [0, 1, 8, 0, 8, 0, 8, 0, 1, 0], [0, 1, 8, 8, 8, 0, 8, 0, 1, 0], [1, 1, 1, 1, 1, 1, 1, 1, 1, 1], [9, 1, 0, 0, 0, 0, 0, 0, 1, 6]], "output": [[0, 0, 4, 5, 5, 5], [0, 0, 4, 0, 0, 0], [0, 4, 4, 0, 5, 5], [0, 9, 0, 6, 6, 6], [9, 0, 9, 0, 6, 0], [9, 9, 9, 0, 6, 0]]}, {"input": [[7, 1, 0, 0, 0, 0, 0, 0, 1, 4], [1, 1, 1, 1, 1, 1, 1, 1, 1, 1], [0, 1, 0, 0, 8, 8, 8, 0, 1, 0], [0, 1, 0, 0, 0, 8, 8, 0, 1, 0], [0, 1, 8, 0, 0, 8, 8, 0, 1, 0], [0, 1, 8, 0, 0, 0, 8, 8, 1, 0], [0, 1, 8, 0, 8, 8, 0, 0, 1, 0], [0, 1, 8, 0, 0, 0, 0, 0, 1, 0], [1, 1, 1, 1, 1, 1, 1, 1, 1, 1], [3, 1, 0, 0, 0, 0, 0, 0, 1, 2]], "output": [[0, 0, 7, 4, 4, 0], [0, 0, 0, 4, 4, 0], [7, 0, 0, 4, 4, 0], [3, 0, 0, 0, 2, 2], [3, 0, 3, 2, 0, 0], [3, 0, 0, 0, 0, 0]]}, {"input": [[7, 1, 0, 0, 0, 0, 1, 2], [1, 1, 1, 1, 1, 1, 1, 1], [0, 1, 0, 0, 0, 0, 1, 0], [0, 1, 0, 8, 8, 0, 1, 0], [0, 1, 8, 8, 0, 8, 1, 0], [0, 1, 0, 0, 8, 0, 1, 0], [1, 1, 1, 1, 1, 1, 1, 1], [9, 1, 0, 0, 0, 0, 1, 5]], "output": [[0, 0, 0, 0], [0, 7, 2, 0], [9, 9, 0, 5], [0, 0, 5, 0]]}, {"input": [[7, 1, 0, 0, 1, 4], [1, 1, 1, 1, 1, 1], [0, 1, 8, 0, 1, 0], [0, 1, 8, 0, 1, 0], [1, 1, 1, 1, 1, 1], [2, 1, 0, 0, 1, 9]], "output": [[7, 0], [2, 0]]}, {"input": [[3, 1, 0, 0, 1, 5], [1, 1, 1, 1, 1, 1], [0, 1, 0, 0, 1, 0], [0, 1, 8, 0, 1, 0], [1, 1, 1, 1, 1, 1], [2, 1, 0, 0, 1, 4]], "output": [[0, 0], [2, 0]]}, {"input": [[4, 1, 0, 0, 0, 0, 1, 3], [1, 1, 1, 1, 1, 1, 1, 1], [0, 1, 0, 8, 8, 0, 1, 0], [0, 1, 8, 0, 0, 0, 1, 0], [0, 1, 0, 8, 0, 0, 1, 0], [0, 1, 0, 8, 0, 8, 1, 0], [1, 1, 1, 1, 1, 1, 1, 1], [2, 1, 0, 0, 0, 0, 1, 7]], "output": [[0, 4, 3, 0], [4, 0, 0, 0], [0, 2, 0, 0], [0, 2, 0, 7]]}, {"input": [[6, 1, 0, 0, 0, 0, 0, 0, 1, 3], [1, 1, 1, 1, 1, 1, 1, 1, 1, 1], [0, 1, 0, 0, 0, 8, 0, 8, 1, 0], [0, 1, 8, 0, 0, 0, 0, 0, 1, 0], [0, 1, 0, 8, 0, 8, 0, 0, 1, 0], [0, 1, 8, 8, 0, 8, 0, 0, 1, 0], [0, 1, 0, 0, 0, 8, 0, 0, 1, 0], [0, 1, 8, 8, 8, 8, 0, 0, 1, 0], [1, 1, 1, 1, 1, 1, 1, 1, 1, 1], [2, 1, 0, 0, 0, 0, 0, 0, 1, 5]], "output": [[0, 0, 0, 3, 0, 3], [6, 0, 0, 0, 0, 0], [0, 6, 0, 3, 0, 0], [2, 2, 0, 5, 0, 0], [0, 0, 0, 5, 0, 0], [2, 2, 2, 5, 0, 0]]}, {"input": [[9, 1, 0, 0, 1, 6], [1, 1, 1, 1, 1, 1], [0, 1, 0, 8, 1, 0], [0, 1, 8, 0, 1, 0], [1, 1, 1, 1, 1, 1], [2, 1, 0, 0, 1, 4]], "output": [[0, 6], [2, 0]]}, {"input": [[6, 1, 0, 0, 0, 0, 1, 4], [1, 1, 1, 1, 1, 1, 1, 1], [0, 1, 0, 0, 0, 8, 1, 0], [0, 1, 8, 0, 8, 0, 1, 0], [0, 1, 0, 0, 8, 8, 1, 0], [0, 1, 0, 8, 0, 0, 1, 0], [1, 1, 1, 1, 1, 1, 1, 1], [5, 1, 0, 0, 0, 0, 1, 9]], "output": [[0, 0, 0, 4], [6, 0, 4, 0], [0, 0, 9, 9], [0, 5, 0, 0]]}, {"input": [[4, 1, 0, 0, 1, 6], [1, 1, 1, 1, 1, 1], [0, 1, 0, 0, 1, 0], [0, 1, 8, 8, 1, 0], [1, 1, 1, 1, 1, 1], [3, 1, 0, 0, 1, 2]], "output": [[0, 0], [3, 2]]}, {"input": [[6, 1, 0, 0, 1, 3], [1, 1, 1, 1, 1, 1], [0, 1, 8, 8, 1, 0], [0, 1, 0, 0, 1, 0], [1, 1, 1, 1, 1, 1], [4, 1, 0, 0, 1, 2]], "output": [[6, 3], [0, 0]]}, {"input": [[7, 1, 0, 0, 0, 0, 1, 2], [1, 1, 1, 1, 1, 1, 1, 1], [0, 1, 0, 8, 8, 0, 1, 0], [0, 1, 0, 8, 8, 0, 1, 0], [0, 1, 8, 0, 8, 8, 1, 0], [0, 1, 0, 0, 0, 0, 1, 0], [1, 1, 1, 1, 1, 1, 1, 1], [5, 1, 0, 0, 0, 0, 1, 3]], "output": [[0, 7, 2, 0], [0, 7, 2, 0], [5, 0, 3, 3], [0, 0, 0, 0]]}, {"input": [[4, 1, 0, 0, 1, 5], [1, 1, 1, 1, 1, 1], [0, 1, 8, 0, 1, 0], [0, 1, 0, 8, 1, 0], [1, 1, 1, 1, 1, 1], [6, 1, 0, 0, 1, 7]], "output": [[4, 0], [0, 7]]}, {"input": [[2, 1, 0, 0, 0, 0, 0, 0, 1, 5], [1, 1, 1, 1, 1, 1, 1, 1, 1, 1], [0, 1, 8, 8, 0, 0, 8, 0, 1, 0], [0, 1, 0, 8, 8, 0, 8, 0, 1, 0], [0, 1, 0, 0, 8, 8, 8, 8, 1, 0], [0, 1, 0, 8, 0, 0, 0, 8, 1, 0], [0, 1, 0, 0, 0, 8, 0, 0, 1, 0], [0, 1, 8, 0, 0, 8, 8, 0, 1, 0], [1, 1, 1, 1, 1, 1, 1, 1, 1, 1], [9, 1, 0, 0, 0, 0, 0, 0, 1, 4]], "output": [[2, 2, 0, 0, 5, 0], [0, 2, 2, 0, 5, 0], [0, 0, 2, 5, 5, 5], [0, 9, 0, 0, 0, 4], [0, 0, 0, 4, 0, 0], [9, 0, 0, 4, 4, 0]]}, {"input": [[3, 1, 0, 0, 1, 4], [1, 1, 1, 1, 1, 1], [0, 1, 0, 0, 1, 0], [0, 1, 8, 0, 1, 0], [1, 1, 1, 1, 1, 1], [5, 1, 0, 0, 1, 6]], "output": [[0, 0], [5, 0]]}, {"input": [[4, 1, 0, 0, 0, 0, 1, 7], [1, 1, 1, 1, 1, 1, 1, 1], [0, 1, 8, 8, 0, 8, 1, 0], [0, 1, 0, 0, 0, 0, 1, 0], [0, 1, 0, 0, 8, 0, 1, 0], [0, 1, 0, 0, 0, 0, 1, 0], [1, 1, 1, 1, 1, 1, 1, 1], [2, 1, 0, 0, 0, 0, 1, 5]], "output": [[4, 4, 0, 7], [0, 0, 0, 0], [0, 0, 5, 0], [0, 0, 0, 0]]}, {"input": [[6, 1, 0, 0, 0, 0, 0, 0, 1, 7], [1, 1, 1, 1, 1, 1, 1, 1, 1, 1], [0, 1, 8, 0, 8, 8, 8, 0, 1, 0], [0, 1, 8, 8, 0, 0, 8, 0, 1, 0], [0, 1, 0, 0, 8, 0, 8, 8, 1, 0], [0, 1, 8, 0, 0, 0, 0, 0, 1, 0], [0, 1, 8, 8, 0, 0, 8, 8, 1, 0], [0, 1, 0, 0, 8, 0, 0, 0, 1, 0], [1, 1, 1, 1, 1, 1, 1, 1, 1, 1], [5, 1, 0, 0, 0, 0, 0, 0, 1, 3]], "output": [[6, 0, 6, 7, 7, 0], [6, 6, 0, 0, 7, 0], [0, 0, 6, 0, 7, 7], [5, 0, 0, 0, 0, 0], [5, 5, 0, 0, 3, 3], [0, 0, 5, 0, 0, 0]]}, {"input": [[5, 1, 0, 0, 0, 0, 1, 4], [1, 1, 1, 1, 1, 1, 1, 1], [0, 1, 0, 0, 0, 8, 1, 0], [0, 1, 0, 8, 0, 8, 1, 0], [0, 1, 8, 8, 0, 8, 1, 0], [0, 1, 0, 8, 8, 8, 1, 0], [1, 1, 1, 1, 1, 1, 1, 1], [9, 1, 0, 0, 0, 0, 1, 3]], "output": [[0, 0, 0, 4], [0, 5, 0, 4], [9, 9, 0, 3], [0, 9, 3, 3]]}, {"input": [[4, 1, 0, 0, 0, 0, 0, 0, 1, 7], [1, 1, 1, 1, 1, 1, 1, 1, 1, 1], [0, 1, 8, 8, 8, 8, 8, 0, 1, 0], [0, 1, 0, 0, 0, 8, 8, 0, 1, 0], [0, 1, 8, 0, 0, 0, 8, 8, 1, 0], [0, 1, 8, 8, 8, 8, 0, 8, 1, 0], [0, 1, 0, 0, 8, 0, 8, 8, 1, 0], [0, 1, 0, 8, 0, 8, 0, 0, 1, 0], [1, 1, 1, 1, 1, 1, 1, 1, 1, 1], [2, 1, 0, 0, 0, 0, 0, 0, 1, 6]], "output": [[4, 4, 4, 7, 7, 0], [0, 0, 0, 7, 7, 0], [4, 0, 0, 0, 7, 7], [2, 2, 2, 6, 0, 6], [0, 0, 2, 0, 6, 6], [0, 2, 0, 6, 0, 0]]}, {"input": [[2, 1, 0, 0, 1, 5], [1, 1, 1, 1, 1, 1], [0, 1, 0, 0, 1, 0], [0, 1, 8, 8, 1, 0], [1, 1, 1, 1, 1, 1], [6, 1, 0, 0, 1, 9]], "output": [[0, 0], [6, 9]]}, {"input": [[3, 1, 0, 0, 0, 0, 0, 0, 1, 6], [1, 1, 1, 1, 1, 1, 1, 1, 1, 1], [0, 1, 8, 8, 0, 8, 8, 0, 1, 0], [0, 1, 0, 0, 0, 0, 0, 0, 1, 0], [0, 1, 8, 8, 0, 0, 0, 0, 1, 0], [0, 1, 8, 8, 8, 8, 0, 8, 1, 0], [0, 1, 8, 8, 0, 8, 8, 0, 1, 0], [0, 1, 8, 8, 0, 8, 0, 0, 1, 0], [1, 1, 1, 1, 1, 1, 1, 1, 1, 1], [9, 1, 0, 0, 0, 0, 0, 0, 1, 5]], "output": [[3, 3, 0, 6, 6, 0], [0, 0, 0, 0, 0, 0], [3, 3, 0, 0, 0, 0], [9, 9, 9, 5, 0, 5], [9, 9, 0, 5, 5, 0], [9, 9, 0, 5, 0, 0]]}, {"input": [[7, 1, 0, 0, 0, 0, 0, 0, 1, 4], [1, 1, 1, 1, 1, 1, 1, 1, 1, 1], [0, 1, 8, 8, 0, 0, 0, 0, 1, 0], [0, 1, 8, 0, 0, 8, 8, 0, 1, 0], [0, 1, 0, 8, 8, 0, 0, 0, 1, 0], [0, 1, 0, 0, 0, 8, 8, 8, 1, 0], [0, 1, 0, 8, 0, 0, 0, 8, 1, 0], [0, 1, 0, 8, 8, 8, 0, 8, 1, 0], [1, 1, 1, 1, 1, 1, 1, 1, 1, 1], [2, 1, 0, 0, 0, 0, 0, 0, 1, 3]], "output": [[7, 7, 0, 0, 0, 0], [7, 0, 0, 4, 4, 0], [0, 7, 7, 0, 0, 0], [0, 0, 0, 3, 3, 3], [0, 2, 0, 0, 0, 3], [0, 2, 2, 3, 0, 3]]}, {"input": [[3, 1, 0, 0, 0, 0, 0, 0, 1, 2], [1, 1, 1, 1, 1, 1, 1, 1, 1, 1], [0, 1, 0, 8, 8, 8, 8, 0, 1, 0], [0, 1, 8, 8, 8, 8, 0, 0, 1, 0], [0, 1, 8, 0, 0, 8, 0, 8, 1, 0], [0, 1, 0, 0, 8, 8, 8, 0, 1, 0], [0, 1, 8, 8, 0, 0, 0, 0, 1, 0], [0, 1, 8, 0, 0, 8, 8, 8, 1, 0], [1, 1, 1, 1, 1, 1, 1, 1, 1, 1], [6, 1, 0, 0, 0, 0, 0, 0, 1, 5]], "output": [[0, 3, 3, 2, 2, 0], [3, 3, 3, 2, 0, 0], [3, 0, 0, 2, 0, 2], [0, 0, 6, 5, 5, 0], [6, 6, 0, 0, 0, 0], [6, 0, 0, 5, 5, 5]]}, {"input": [[7, 1, 0, 0, 0, 0, 1, 3], [1, 1, 1, 1, 1, 1, 1, 1], [0, 1, 8, 0, 0, 8, 1, 0], [0, 1, 8, 8, 8, 8, 1, 0], [0, 1, 8, 8, 0, 0, 1, 0], [0, 1, 0, 8, 0, 0, 1, 0], [1, 1, 1, 1, 1, 1, 1, 1], [9, 1, 0, 0, 0, 0, 1, 5]], "output": [[7, 0, 0, 3], [7, 7, 3, 3], [9, 9, 0, 0], [0, 9, 0, 0]]}, {"input": [[2, 1, 0, 0, 1, 6], [1, 1, 1, 1, 1, 1], [0, 1, 8, 8, 1, 0], [0, 1, 0, 8, 1, 0], [1, 1, 1, 1, 1, 1], [5, 1, 0, 0, 1, 4]], "output": [[2, 6], [0, 4]]}, {"input": [[6, 1, 0, 0, 1, 4], [1, 1, 1, 1, 1, 1], [0, 1, 0, 8, 1, 0], [0, 1, 8, 0, 1, 0], [1, 1, 1, 1, 1, 1], [5, 1, 0, 0, 1, 3]], "output": [[0, 4], [5, 0]]}, {"input": [[3, 1, 0, 0, 0, 0, 0, 0, 1, 4], [1, 1, 1, 1, 1, 1, 1, 1, 1, 1], [0, 1, 0, 0, 0, 0, 8, 0, 1, 0], [0, 1, 8, 0, 8, 0, 0, 0, 1, 0], [0, 1, 0, 8, 8, 8, 8, 0, 1, 0], [0, 1, 8, 0, 8, 0, 0, 8, 1, 0], [0, 1, 8, 0, 0, 8, 8, 8, 1, 0], [0, 1, 8, 0, 0, 8, 8, 8, 1, 0], [1, 1, 1, 1, 1, 1, 1, 1, 1, 1], [5, 1, 0, 0, 0, 0, 0, 0, 1, 9]], "output": [[0, 0, 0, 0, 4, 0], [3, 0, 3, 0, 0, 0], [0, 3, 3, 4, 4, 0], [5, 0, 5, 0, 0, 9], [5, 0, 0, 9, 9, 9], [5, 0, 0, 9, 9, 9]]}, {"input": [[3, 1, 0, 0, 1, 5], [1, 1, 1, 1, 1, 1], [0, 1, 0, 0, 1, 0], [0, 1, 0, 8, 1, 0], [1, 1, 1, 1, 1, 1], [4, 1, 0, 0, 1, 7]], "output": [[0, 0], [0, 7]]}, {"input": [[4, 1, 0, 0, 0, 0, 0, 0, 1, 5], [1, 1, 1, 1, 1, 1, 1, 1, 1, 1], [0, 1, 0, 0, 8, 8, 8, 0, 1, 0], [0, 1, 8, 8, 8, 8, 0, 0, 1, 0], [0, 1, 8, 0, 8, 8, 8, 0, 1, 0], [0, 1, 0, 0, 0, 0, 0, 8, 1, 0], [0, 1, 8, 8, 8, 0, 8, 8, 1, 0], [0, 1, 8, 0, 0, 0, 8, 0, 1, 0], [1, 1, 1, 1, 1, 1, 1, 1, 1, 1], [6, 1, 0, 0, 0, 0, 0, 0, 1, 9]], "output": [[0, 0, 4, 5, 5, 0], [4, 4, 4, 5, 0, 0], [4, 0, 4, 5, 5, 0], [0, 0, 0, 0, 0, 9], [6, 6, 6, 0, 9, 9], [6, 0, 0, 0, 9, 0]]}, {"input": [[4, 1, 0, 0, 0, 0, 1, 9], [1, 1, 1, 1, 1, 1, 1, 1], [0, 1, 0, 0, 0, 0, 1, 0], [0, 1, 0, 8, 0, 8, 1, 0], [0, 1, 8, 8, 8, 8, 1, 0], [0, 1, 8, 0, 8, 8, 1, 0], [1, 1, 1, 1, 1, 1, 1, 1], [2, 1, 0, 0, 0, 0, 1, 5]], "output": [[0, 0, 0, 0], [0, 4, 0, 9], [2, 2, 5, 5], [2, 0, 5, 5]]}, {"input": [[3, 1, 0, 0, 0, 0, 0, 0, 1, 9], [1, 1, 1, 1, 1, 1, 1, 1, 1, 1], [0, 1, 8, 8, 8, 8, 0, 8, 1, 0], [0, 1, 8, 8, 8, 8, 8, 8, 1, 0], [0, 1, 8, 0, 8, 0, 0, 8, 1, 0], [0, 1, 8, 8, 8, 8, 0, 0, 1, 0], [0, 1, 8, 0, 8, 8, 8, 0, 1, 0], [0, 1, 0, 8, 0, 8, 0, 8, 1, 0], [1, 1, 1, 1, 1, 1, 1, 1, 1, 1], [5, 1, 0, 0, 0, 0, 0, 0, 1, 2]], "output": [[3, 3, 3, 9, 0, 9], [3, 3, 3, 9, 9, 9], [3, 0, 3, 0, 0, 9], [5, 5, 5, 2, 0, 0], [5, 0, 5, 2, 2, 0], [0, 5, 0, 2, 0, 2]]}, {"input": [[2, 1, 0, 0, 1, 3], [1, 1, 1, 1, 1, 1], [0, 1, 0, 8, 1, 0], [0, 1, 8, 0, 1, 0], [1, 1, 1, 1, 1, 1], [7, 1, 0, 0, 1, 9]], "output": [[0, 3], [7, 0]]}, {"input": [[4, 1, 0, 0, 1, 9], [1, 1, 1, 1, 1, 1], [0, 1, 0, 8, 1, 0], [0, 1, 8, 8, 1, 0], [1, 1, 1, 1, 1, 1], [5, 1, 0, 0, 1, 7]], "output": [[0, 9], [5, 7]]}, {"input": [[2, 1, 0, 0, 0, 0, 0, 0, 1, 7], [1, 1, 1, 1, 1, 1, 1, 1, 1, 1], [0, 1, 0, 8, 8, 8, 0, 8, 1, 0], [0, 1, 8, 0, 0, 8, 8, 8, 1, 0], [0, 1, 0, 8, 0, 0, 8, 8, 1, 0], [0, 1, 0, 0, 8, 8, 0, 8, 1, 0], [0, 1, 8, 8, 0, 0, 8, 8, 1, 0], [0, 1, 8, 0, 0, 0, 0, 8, 1, 0], [1, 1, 1, 1, 1, 1, 1, 1, 1, 1], [6, 1, 0, 0, 0, 0, 0, 0, 1, 3]], "output": [[0, 2, 2, 7, 0, 7], [2, 0, 0, 7, 7, 7], [0, 2, 0, 0, 7, 7], [0, 0, 6, 3, 0, 3], [6, 6, 0, 0, 3, 3], [6, 0, 0, 0, 0, 3]]}, {"input": [[2, 1, 0, 0, 0, 0, 0, 0, 1, 6], [1, 1, 1, 1, 1, 1, 1, 1, 1, 1], [0, 1, 8, 0, 8, 0, 0, 0, 1, 0], [0, 1, 8, 8, 8, 8, 8, 8, 1, 0], [0, 1, 0, 0, 8, 0, 8, 0, 1, 0], [0, 1, 0, 0, 0, 0, 0, 0, 1, 0], [0, 1, 8, 0, 0, 0, 8, 8, 1, 0], [0, 1, 8, 8, 0, 0, 0, 8, 1, 0], [1, 1, 1, 1, 1, 1, 1, 1, 1, 1], [5, 1, 0, 0, 0, 0, 0, 0, 1, 4]], "output": [[2, 0, 2, 0, 0, 0], [2, 2, 2, 6, 6, 6], [0, 0, 2, 0, 6, 0], [0, 0, 0, 0, 0, 0], [5, 0, 0, 0, 4, 4], [5, 5, 0, 0, 0, 4]]}, {"input": [[7, 1, 0, 0, 0, 0, 0, 0, 1, 2], [1, 1, 1, 1, 1, 1, 1, 1, 1, 1], [0, 1, 0, 0, 8, 0, 8, 8, 1, 0], [0, 1, 0, 8, 0, 8, 0, 0, 1, 0], [0, 1, 0, 8, 0, 0, 8, 8, 1, 0], [0, 1, 0, 8, 0, 8, 0, 8, 1, 0], [0, 1, 8, 0, 8, 8, 0, 8, 1, 0], [0, 1, 8, 8, 0, 0, 8, 8, 1, 0], [1, 1, 1, 1, 1, 1, 1, 1, 1, 1], [6, 1, 0, 0, 0, 0, 0, 0, 1, 4]], "output": [[0, 0, 7, 0, 2, 2], [0, 7, 0, 2, 0, 0], [0, 7, 0, 0, 2, 2], [0, 6, 0, 4, 0, 4], [6, 0, 6, 4, 0, 4], [6, 6, 0, 0, 4, 4]]}, {"input": [[3, 1, 0, 0, 0, 0, 1, 5], [1, 1, 1, 1, 1, 1, 1, 1], [0, 1, 0, 8, 0, 8, 1, 0], [0, 1, 0, 0, 0, 8, 1, 0], [0, 1, 8, 0, 8, 8, 1, 0], [0, 1, 0, 8, 8, 8, 1, 0], [1, 1, 1, 1, 1, 1, 1, 1], [9, 1, 0, 0, 0, 0, 1, 6]], "output": [[0, 3, 0, 5], [0, 0, 0, 5], [9, 0, 6, 6], [0, 9, 6, 6]]}, {"input": [[6, 1, 0, 0, 0, 0, 1, 3], [1, 1, 1, 1, 1, 1, 1, 1], [0, 1, 0, 0, 8, 8, 1, 0], [0, 1, 8, 0, 0, 8, 1, 0], [0, 1, 8, 0, 0, 0, 1, 0], [0, 1, 0, 0, 0, 0, 1, 0], [1, 1, 1, 1, 1, 1, 1, 1], [4, 1, 0, 0, 0, 0, 1, 9]], "output": [[0, 0, 3, 3], [6, 0, 0, 3], [4, 0, 0, 0], [0, 0, 0, 0]]}, {"input": [[2, 1, 0, 0, 1, 4], [1, 1, 1, 1, 1, 1], [0, 1, 0, 8, 1, 0], [0, 1, 8, 8, 1, 0], [1, 1, 1, 1, 1, 1], [7, 1, 0, 0, 1, 5]], "output": [[0, 4], [7, 5]]}, {"input": [[2, 1, 0, 0, 0, 0, 0, 0, 1, 7], [1, 1, 1, 1, 1, 1, 1, 1, 1, 1], [0, 1, 0, 0, 8, 0, 0, 8, 1, 0], [0, 1, 8, 8, 8, 8, 0, 0, 1, 0], [0, 1, 0, 0, 8, 0, 8, 0, 1, 0], [0, 1, 0, 0, 0, 0, 0, 0, 1, 0], [0, 1, 0, 0, 0, 0, 0, 0, 1, 0], [0, 1, 0, 0, 8, 0, 8, 8, 1, 0], [1, 1, 1, 1, 1, 1, 1, 1, 1, 1], [9, 1, 0, 0, 0, 0, 0, 0, 1, 3]], "output": [[0, 0, 2, 0, 0, 7], [2, 2, 2, 7, 0, 0], [0, 0, 2, 0, 7, 0], [0, 0, 0, 0, 0, 0], [0, 0, 0, 0, 0, 0], [0, 0, 9, 0, 3, 3]]}, {"input": [[4, 1, 0, 0, 1, 9], [1, 1, 1, 1, 1, 1], [0, 1, 8, 0, 1, 0], [0, 1, 0, 0, 1, 0], [1, 1, 1, 1, 1, 1], [3, 1, 0, 0, 1, 6]], "output": [[4, 0], [0, 0]]}, {"input": [[9, 1, 0, 0, 1, 4], [1, 1, 1, 1, 1, 1], [0, 1, 8, 0, 1, 0], [0, 1, 0, 0, 1, 0], [1, 1, 1, 1, 1, 1], [3, 1, 0, 0, 1, 6]], "output": [[9, 0], [0, 0]]}, {"input": [[3, 1, 0, 0, 0, 0, 0, 0, 1, 4], [1, 1, 1, 1, 1, 1, 1, 1, 1, 1], [0, 1, 8, 8, 8, 0, 0, 8, 1, 0], [0, 1, 8, 8, 0, 0, 0, 8, 1, 0], [0, 1, 8, 0, 8, 0, 8, 8, 1, 0], [0, 1, 0, 8, 8, 0, 8, 0, 1, 0], [0, 1, 0, 0, 0, 0, 8, 8, 1, 0], [0, 1, 0, 8, 0, 8, 0, 0, 1, 0], [1, 1, 1, 1, 1, 1, 1, 1, 1, 1], [6, 1, 0, 0, 0, 0, 0, 0, 1, 9]], "output": [[3, 3, 3, 0, 0, 4], [3, 3, 0, 0, 0, 4], [3, 0, 3, 0, 4, 4], [0, 6, 6, 0, 9, 0], [0, 0, 0, 0, 9, 9], [0, 6, 0, 9, 0, 0]]}, {"input": [[7, 1, 0, 0, 0, 0, 0, 0, 1, 3], [1, 1, 1, 1, 1, 1, 1, 1, 1, 1], [0, 1, 8, 0, 0, 0, 8, 8, 1, 0], [0, 1, 8, 8, 8, 0, 8, 8, 1, 0], [0, 1, 8, 0, 0, 0, 0, 0, 1, 0], [0, 1, 8, 8, 0, 0, 0, 8, 1, 0], [0, 1, 0, 0, 8, 0, 0, 8, 1, 0], [0, 1, 0, 8, 0, 0, 0, 8, 1, 0], [1, 1, 1, 1, 1, 1, 1, 1, 1, 1], [2, 1, 0, 0, 0, 0, 0, 0, 1, 4]], "output": [[7, 0, 0, 0, 3, 3], [7, 7, 7, 0, 3, 3], [7, 0, 0, 0, 0, 0], [2, 2, 0, 0, 0, 4], [0, 0, 2, 0, 0, 4], [0, 2, 0, 0, 0, 4]]}, {"input": [[7, 1, 0, 0, 0, 0, 0, 0, 1, 9], [1, 1, 1, 1, 1, 1, 1, 1, 1, 1], [0, 1, 0, 0, 0, 8, 8, 8, 1, 0], [0, 1, 8, 0, 0, 8, 0, 8, 1, 0], [0, 1, 8, 0, 0, 8, 0, 0, 1, 0], [0, 1, 0, 8, 0, 0, 8, 0, 1, 0], [0, 1, 8, 8, 8, 8, 0, 8, 1, 0], [0, 1, 8, 0, 8, 8, 0, 8, 1, 0], [1, 1, 1, 1, 1, 1, 1, 1, 1, 1], [4, 1, 0, 0, 0, 0, 0, 0, 1, 3]], "output": [[0, 0, 0, 9, 9, 9], [7, 0, 0, 9, 0, 9], [7, 0, 0, 9, 0, 0], [0, 4, 0, 0, 3, 0], [4, 4, 4, 3, 0, 3], [4, 0, 4, 3, 0, 3]]}, {"input": [[2, 1, 0, 0, 1, 3], [1, 1, 1, 1, 1, 1], [0, 1, 0, 0, 1, 0], [0, 1, 8, 0, 1, 0], [1, 1, 1, 1, 1, 1], [9, 1, 0, 0, 1, 6]], "output": [[0, 0], [9, 0]]}, {"input": [[2, 1, 0, 0, 0, 0, 0, 0, 1, 9], [1, 1, 1, 1, 1, 1, 1, 1, 1, 1], [0, 1, 0, 0, 8, 8, 0, 0, 1, 0], [0, 1, 8, 8, 8, 0, 8, 8, 1, 0], [0, 1, 0, 0, 8, 0, 8, 0, 1, 0], [0, 1, 8, 0, 8, 0, 8, 0, 1, 0], [0, 1, 0, 0, 8, 8, 8, 0, 1, 0], [0, 1, 0, 0, 0, 8, 8, 8, 1, 0], [1, 1, 1, 1, 1, 1, 1, 1, 1, 1], [3, 1, 0, 0, 0, 0, 0, 0, 1, 7]], "output": [[0, 0, 2, 9, 0, 0], [2, 2, 2, 0, 9, 9], [0, 0, 2, 0, 9, 0], [3, 0, 3, 0, 7, 0], [0, 0, 3, 7, 7, 0], [0, 0, 0, 7, 7, 7]]}, {"input": [[3, 1, 0, 0, 0, 0, 0, 0, 1, 6], [1, 1, 1, 1, 1, 1, 1, 1, 1, 1], [0, 1, 0, 8, 8, 8, 0, 8, 1, 0], [0, 1, 8, 0, 8, 8, 0, 0, 1, 0], [0, 1, 0, 8, 0, 8, 0, 8, 1, 0], [0, 1, 0, 0, 8, 8, 8, 8, 1, 0], [0, 1, 8, 8, 8, 0, 0, 0, 1, 0], [0, 1, 0, 0, 0, 0, 8, 0, 1, 0], [1, 1, 1, 1, 1, 1, 1, 1, 1, 1], [2, 1, 0, 0, 0, 0, 0, 0, 1, 7]], "output": [[0, 3, 3, 6, 0, 6], [3, 0, 3, 6, 0, 0], [0, 3, 0, 6, 0, 6], [0, 0, 2, 7, 7, 7], [2, 2, 2, 0, 0, 0], [0, 0, 0, 0, 7, 0]]}, {"input": [[4, 1, 0, 0, 1, 2], [1, 1, 1, 1, 1, 1], [0, 1, 8, 0, 1, 0], [0, 1, 0, 8, 1, 0], [1, 1, 1, 1, 1, 1], [5, 1, 0, 0, 1, 9]], "output": [[4, 0], [0, 9]]}, {"input": [[3, 1, 0, 0, 1, 4], [1, 1, 1, 1, 1, 1], [0, 1, 0, 8, 1, 0], [0, 1, 8, 0, 1, 0], [1, 1, 1, 1, 1, 1], [5, 1, 0, 0, 1, 9]], "output": [[0, 4], [5, 0]]}, {"input": [[2, 1, 0, 0, 0, 0, 0, 0, 1, 6], [1, 1, 1, 1, 1, 1, 1, 1, 1, 1], [0, 1, 8, 8, 8, 0, 0, 0, 1, 0], [0, 1, 8, 0, 8, 8, 8, 0, 1, 0], [0, 1, 8, 0, 8, 8, 0, 8, 1, 0], [0, 1, 8, 0, 8, 0, 8, 0, 1, 0], [0, 1, 8, 0, 8, 0, 0, 8, 1, 0], [0, 1, 8, 8, 8, 8, 8, 0, 1, 0], [1, 1, 1, 1, 1, 1, 1, 1, 1, 1], [3, 1, 0, 0, 0, 0, 0, 0, 1, 7]], "output": [[2, 2, 2, 0, 0, 0], [2, 0, 2, 6, 6, 0], [2, 0, 2, 6, 0, 6], [3, 0, 3, 0, 7, 0], [3, 0, 3, 0, 0, 7], [3, 3, 3, 7, 7, 0]]}, {"input": [[2, 1, 0, 0, 0, 0, 1, 3], [1, 1, 1, 1, 1, 1, 1, 1], [0, 1, 8, 8, 8, 0, 1, 0], [0, 1, 0, 8, 8, 0, 1, 0], [0, 1, 8, 8, 8, 8, 1, 0], [0, 1, 0, 8, 0, 0, 1, 0], [1, 1, 1, 1, 1, 1, 1, 1], [5, 1, 0, 0, 0, 0, 1, 9]], "output": [[2, 2, 3, 0], [0, 2, 3, 0], [5, 5, 9, 9], [0, 5, 0, 0]]}, {"input": [[3, 1, 0, 0, 0, 0, 1, 5], [1, 1, 1, 1, 1, 1, 1, 1], [0, 1, 0, 8, 0, 8, 1, 0], [0, 1, 0, 8, 0, 0, 1, 0], [0, 1, 8, 8, 0, 8, 1, 0], [0, 1, 8, 0, 0, 8, 1, 0], [1, 1, 1, 1, 1, 1, 1, 1], [6, 1, 0, 0, 0, 0, 1, 7]], "output": [[0, 3, 0, 5], [0, 3, 0, 0], [6, 6, 0, 7], [6, 0, 0, 7]]}, {"input": [[7, 1, 0, 0, 1, 3], [1, 1, 1, 1, 1, 1], [0, 1, 0, 0, 1, 0], [0, 1, 8, 8, 1, 0], [1, 1, 1, 1, 1, 1], [4, 1, 0, 0, 1, 6]], "output": [[0, 0], [4, 6]]}, {"input": [[3, 1, 0, 0, 1, 2], [1, 1, 1, 1, 1, 1], [0, 1, 8, 0, 1, 0], [0, 1, 0, 0, 1, 0], [1, 1, 1, 1, 1, 1], [4, 1, 0, 0, 1, 5]], "output": [[3, 0], [0, 0]]}, {"input": [[3, 1, 0, 0, 0, 0, 0, 0, 1, 9], [1, 1, 1, 1, 1, 1, 1, 1, 1, 1], [0, 1, 0, 0, 0, 0, 8, 8, 1, 0], [0, 1, 8, 0, 0, 8, 0, 0, 1, 0], [0, 1, 8, 0, 0, 8, 8, 0, 1, 0], [0, 1, 0, 8, 0, 8, 0, 8, 1, 0], [0, 1, 0, 0, 8, 0, 8, 8, 1, 0], [0, 1, 8, 8, 8, 8, 8, 8, 1, 0], [1, 1, 1, 1, 1, 1, 1, 1, 1, 1], [2, 1, 0, 0, 0, 0, 0, 0, 1, 6]], "output": [[0, 0, 0, 0, 9, 9], [3, 0, 0, 9, 0, 0], [3, 0, 0, 9, 9, 0], [0, 2, 0, 6, 0, 6], [0, 0, 2, 0, 6, 6], [2, 2, 2, 6, 6, 6]]}, {"input": [[9, 1, 0, 0, 0, 0, 0, 0, 1, 4], [1, 1, 1, 1, 1, 1, 1, 1, 1, 1], [0, 1, 0, 8, 0, 0, 8, 8, 1, 0], [0, 1, 8, 8, 0, 8, 8, 0, 1, 0], [0, 1, 0, 8, 8, 8, 8, 0, 1, 0], [0, 1, 0, 8, 8, 0, 0, 8, 1, 0], [0, 1, 0, 8, 8, 8, 8, 0, 1, 0], [0, 1, 0, 8, 8, 0, 0, 0, 1, 0], [1, 1, 1, 1, 1, 1, 1, 1, 1, 1], [5, 1, 0, 0, 0, 0, 0, 0, 1, 2]], "output": [[0, 9, 0, 0, 4, 4], [9, 9, 0, 4, 4, 0], [0, 9, 9, 4, 4, 0], [0, 5, 5, 0, 0, 2], [0, 5, 5, 2, 2, 0], [0, 5, 5, 0, 0, 0]]}, {"input": [[2, 1, 0, 0, 0, 0, 0, 0, 1, 4], [1, 1, 1, 1, 1, 1, 1, 1, 1, 1], [0, 1, 0, 8, 0, 0, 0, 0, 1, 0], [0, 1, 0, 0, 0, 8, 0, 8, 1, 0], [0, 1, 8, 0, 0, 0, 0, 8, 1, 0], [0, 1, 0, 8, 0, 0, 0, 0, 1, 0], [0, 1, 0, 8, 0, 8, 8, 8, 1, 0], [0, 1, 8, 8, 0, 8, 0, 0, 1, 0], [1, 1, 1, 1, 1, 1, 1, 1, 1, 1], [3, 1, 0, 0, 0, 0, 0, 0, 1, 6]], "output": [[0, 2, 0, 0, 0, 0], [0, 0, 0, 4, 0, 4], [2, 0, 0, 0, 0, 4], [0, 3, 0, 0, 0, 0], [0, 3, 0, 6, 6, 6], [3, 3, 0, 6, 0, 0]]}, {"input": [[2, 1, 0, 0, 0, 0, 1, 4], [1, 1, 1, 1, 1, 1, 1, 1], [0, 1, 8, 8, 8, 8, 1, 0], [0, 1, 8, 0, 8, 8, 1, 0], [0, 1, 0, 8, 0, 8, 1, 0], [0, 1, 8, 8, 8, 8, 1, 0], [1, 1, 1, 1, 1, 1, 1, 1], [6, 1, 0, 0, 0, 0, 1, 5]], "output": [[2, 2, 4, 4], [2, 0, 4, 4], [0, 6, 0, 5], [6, 6, 5, 5]]}, {"input": [[7, 1, 0, 0, 0, 0, 0, 0, 1, 9], [1, 1, 1, 1, 1, 1, 1, 1, 1, 1], [0, 1, 0, 0, 0, 0, 0, 0, 1, 0], [0, 1, 8, 8, 0, 8, 8, 8, 1, 0], [0, 1, 8, 0, 0, 8, 8, 0, 1, 0], [0, 1, 8, 0, 8, 8, 8, 0, 1, 0], [0, 1, 8, 0, 8, 0, 0, 0, 1, 0], [0, 1, 8, 8, 8, 0, 0, 8, 1, 0], [1, 1, 1, 1, 1, 1, 1, 1, 1, 1], [2, 1, 0, 0, 0, 0, 0, 0, 1, 6]], "output": [[0, 0, 0, 0, 0, 0], [7, 7, 0, 9, 9, 9], [7, 0, 0, 9, 9, 0], [2, 0, 2, 6, 6, 0], [2, 0, 2, 0, 0, 0], [2, 2, 2, 0, 0, 6]]}, {"input": [[9, 1, 0, 0, 1, 6], [1, 1, 1, 1, 1, 1], [0, 1, 8, 8, 1, 0], [0, 1, 0, 0, 1, 0], [1, 1, 1, 1, 1, 1], [7, 1, 0, 0, 1, 5]], "output": [[9, 6], [0, 0]]}, {"input": [[6, 1, 0, 0, 0, 0, 0, 0, 1, 7], [1, 1, 1, 1, 1, 1, 1, 1, 1, 1], [0, 1, 0, 0, 0, 8, 0, 0, 1, 0], [0, 1, 8, 0, 0, 0, 8, 8, 1, 0], [0, 1, 8, 8, 0, 8, 0, 8, 1, 0], [0, 1, 0, 8, 8, 8, 8, 0, 1, 0], [0, 1, 0, 0, 0, 0, 8, 0, 1, 0], [0, 1, 8, 8, 8, 0, 8, 8, 1, 0], [1, 1, 1, 1, 1, 1, 1, 1, 1, 1], [9, 1, 0, 0, 0, 0, 0, 0, 1, 3]], "output": [[0, 0, 0, 7, 0, 0], [6, 0, 0, 0, 7, 7], [6, 6, 0, 7, 0, 7], [0, 9, 9, 3, 3, 0], [0, 0, 0, 0, 3, 0], [9, 9, 9, 0, 3, 3]]}, {"input": [[9, 1, 0, 0, 0, 0, 1, 3], [1, 1, 1, 1, 1, 1, 1, 1], [0, 1, 8, 8, 8, 8, 1, 0], [0, 1, 8, 8, 0, 0, 1, 0], [0, 1, 0, 0, 0, 8, 1, 0], [0, 1, 8, 0, 8, 0, 1, 0], [1, 1, 1, 1, 1, 1, 1, 1], [2, 1, 0, 0, 0, 0, 1, 5]], "output": [[9, 9, 3, 3], [9, 9, 0, 0], [0, 0, 0, 5], [2, 0, 5, 0]]}, {"input": [[5, 1, 0, 0, 0, 0, 1, 3], [1, 1, 1, 1, 1, 1, 1, 1], [0, 1, 8, 8, 8, 8, 1, 0], [0, 1, 0, 8, 8, 8, 1, 0], [0, 1, 0, 8, 0, 0, 1, 0], [0, 1, 0, 8, 8, 0, 1, 0], [1, 1, 1, 1, 1, 1, 1, 1], [4, 1, 0, 0, 0, 0, 1, 6]], "output": [[5, 5, 3, 3], [0, 5, 3, 3], [0, 4, 0, 0], [0, 4, 6, 0]]}, {"input": [[3, 1, 0, 0, 0, 0, 0, 0, 1, 6], [1, 1, 1, 1, 1, 1, 1, 1, 1, 1], [0, 1, 8, 0, 0, 8, 0, 8, 1, 0], [0, 1, 8, 8, 8, 8, 8, 0, 1, 0], [0, 1, 8, 0, 0, 0, 8, 8, 1, 0], [0, 1, 8, 0, 0, 0, 8, 0, 1, 0], [0, 1, 0, 8, 0, 0, 8, 8, 1, 0], [0, 1, 8, 8, 0, 0, 8, 8, 1, 0], [1, 1, 1, 1, 1, 1, 1, 1, 1, 1], [7, 1, 0, 0, 0, 0, 0, 0, 1, 2]], "output": [[3, 0, 0, 6, 0, 6], [3, 3, 3, 6, 6, 0], [3, 0, 0, 0, 6, 6], [7, 0, 0, 0, 2, 0], [0, 7, 0, 0, 2, 2], [7, 7, 0, 0, 2, 2]]}, {"input": [[7, 1, 0, 0, 0, 0, 0, 0, 1, 3], [1, 1, 1, 1, 1, 1, 1, 1, 1, 1], [0, 1, 0, 0, 0, 8, 8, 0, 1, 0], [0, 1, 8, 0, 0, 8, 0, 8, 1, 0], [0, 1, 0, 8, 8, 8, 0, 0, 1, 0], [0, 1, 8, 8, 0, 0, 8, 8, 1, 0], [0, 1, 0, 0, 8, 0, 0, 8, 1, 0], [0, 1, 8, 0, 8, 8, 8, 8, 1, 0], [1, 1, 1, 1, 1, 1, 1, 1, 1, 1], [2, 1, 0, 0, 0, 0, 0, 0, 1, 4]], "output": [[0, 0, 0, 3, 3, 0], [7, 0, 0, 3, 0, 3], [0, 7, 7, 3, 0, 0], [2, 2, 0, 0, 4, 4], [0, 0, 2, 0, 0, 4], [2, 0, 2, 4, 4, 4]]}, {"input": [[6, 1, 0, 0, 0, 0, 1, 3], [1, 1, 1, 1, 1, 1, 1, 1], [0, 1, 8, 8, 0, 8, 1, 0], [0, 1, 8, 0, 8, 8, 1, 0], [0, 1, 8, 0, 0, 0, 1, 0], [0, 1, 0, 0, 8, 0, 1, 0], [1, 1, 1, 1, 1, 1, 1, 1], [2, 1, 0, 0, 0, 0, 1, 7]], "output": [[6, 6, 0, 3], [6, 0, 3, 3], [2, 0, 0, 0], [0, 0, 7, 0]]}, {"input": [[9, 1, 0, 0, 0, 0, 0, 0, 1, 5], [1, 1, 1, 1, 1, 1, 1, 1, 1, 1], [0, 1, 8, 8, 8, 0, 0, 8, 1, 0], [0, 1, 8, 0, 8, 0, 0, 0, 1, 0], [0, 1, 8, 0, 8, 0, 8, 8, 1, 0], [0, 1, 8, 0, 8, 0, 8, 0, 1, 0], [0, 1, 0, 8, 0, 0, 8, 8, 1, 0], [0, 1, 8, 8, 8, 8, 8, 0, 1, 0], [1, 1, 1, 1, 1, 1, 1, 1, 1, 1], [3, 1, 0, 0, 0, 0, 0, 0, 1, 4]], "output": [[9, 9, 9, 0, 0, 5], [9, 0, 9, 0, 0, 0], [9, 0, 9, 0, 5, 5], [3, 0, 3, 0, 4, 0], [0, 3, 0, 0, 4, 4], [3, 3, 3, 4, 4, 0]]}, {"input": [[9, 1, 0, 0, 1, 4], [1, 1, 1, 1, 1, 1], [0, 1, 0, 8, 1, 0], [0, 1, 8, 8, 1, 0], [1, 1, 1, 1, 1, 1], [6, 1, 0, 0, 1, 5]], "output": [[0, 4], [6, 5]]}, {"input": [[5, 1, 0, 0, 0, 0, 0, 0, 1, 7], [1, 1, 1, 1, 1, 1, 1, 1, 1, 1], [0, 1, 0, 0, 0, 0, 0, 8, 1, 0], [0, 1, 8, 8, 0, 0, 0, 8, 1, 0], [0, 1, 8, 8, 8, 0, 0, 8, 1, 0], [0, 1, 8, 0, 8, 8, 8, 8, 1, 0], [0, 1, 8, 8, 0, 8, 8, 0, 1, 0], [0, 1, 8, 0, 0, 0, 0, 8, 1, 0], [1, 1, 1, 1, 1, 1, 1, 1, 1, 1], [3, 1, 0, 0, 0, 0, 0, 0, 1, 6]], "output": [[0, 0, 0, 0, 0, 7], [5, 5, 0, 0, 0, 7], [5, 5, 5, 0, 0, 7], [3, 0, 3, 6, 6, 6], [3, 3, 0, 6, 6, 0], [3, 0, 0, 0, 0, 6]]}, {"input": [[5, 1, 0, 0, 0, 0, 0, 0, 1, 9], [1, 1, 1, 1, 1, 1, 1, 1, 1, 1], [0, 1, 0, 0, 8, 0, 0, 8, 1, 0], [0, 1, 0, 8, 8, 8, 0, 8, 1, 0], [0, 1, 8, 0, 0, 8, 0, 8, 1, 0], [0, 1, 8, 0, 8, 0, 0, 8, 1, 0], [0, 1, 0, 0, 8, 8, 0, 8, 1, 0], [0, 1, 8, 8, 0, 0, 0, 8, 1, 0], [1, 1, 1, 1, 1, 1, 1, 1, 1, 1], [7, 1, 0, 0, 0, 0, 0, 0, 1, 6]], "output": [[0, 0, 5, 0, 0, 9], [0, 5, 5, 9, 0, 9], [5, 0, 0, 9, 0, 9], [7, 0, 7, 0, 0, 6], [0, 0, 7, 6, 0, 6], [7, 7, 0, 0, 0, 6]]}, {"input": [[6, 1, 0, 0, 0, 0, 1, 7], [1, 1, 1, 1, 1, 1, 1, 1], [0, 1, 8, 8, 8, 0, 1, 0], [0, 1, 8, 0, 0, 0, 1, 0], [0, 1, 8, 8, 8, 0, 1, 0], [0, 1, 0, 8, 8, 0, 1, 0], [1, 1, 1, 1, 1, 1, 1, 1], [4, 1, 0, 0, 0, 0, 1, 2]], "output": [[6, 6, 7, 0], [6, 0, 0, 0], [4, 4, 2, 0], [0, 4, 2, 0]]}, {"input": [[4, 1, 0, 0, 0, 0, 1, 2], [1, 1, 1, 1, 1, 1, 1, 1], [0, 1, 0, 0, 8, 0, 1, 0], [0, 1, 8, 8, 0, 0, 1, 0], [0, 1, 8, 8, 0, 0, 1, 0], [0, 1, 8, 0, 8, 8, 1, 0], [1, 1, 1, 1, 1, 1, 1, 1], [7, 1, 0, 0, 0, 0, 1, 9]], "output": [[0, 0, 2, 0], [4, 4, 0, 0], [7, 7, 0, 0], [7, 0, 9, 9]]}, {"input": [[2, 1, 0, 0, 0, 0, 1, 4], [1, 1, 1, 1, 1, 1, 1, 1], [0, 1, 8, 8, 0, 0, 1, 0], [0, 1, 8, 0, 0, 8, 1, 0], [0, 1, 0, 8, 0, 0, 1, 0], [0, 1, 8, 0, 0, 8, 1, 0], [1, 1, 1, 1, 1, 1, 1, 1], [3, 1, 0, 0, 0, 0, 1, 7]], "output": [[2, 2, 0, 0], [2, 0, 0, 4], [0, 3, 0, 0], [3, 0, 0, 7]]}, {"input": [[3, 1, 0, 0, 1, 9], [1, 1, 1, 1, 1, 1], [0, 1, 8, 8, 1, 0], [0, 1, 8, 8, 1, 0], [1, 1, 1, 1, 1, 1], [5, 1, 0, 0, 1, 7]], "output": [[3, 9], [5, 7]]}, {"input": [[7, 1, 0, 0, 1, 2], [1, 1, 1, 1, 1, 1], [0, 1, 8, 8, 1, 0], [0, 1, 8, 0, 1, 0], [1, 1, 1, 1, 1, 1], [4, 1, 0, 0, 1, 3]], "output": [[7, 2], [4, 0]]}, {"input": [[9, 1, 0, 0, 0, 0, 1, 7], [1, 1, 1, 1, 1, 1, 1, 1], [0, 1, 0, 8, 0, 0, 1, 0], [0, 1, 8, 0, 0, 0, 1, 0], [0, 1, 8, 0, 0, 0, 1, 0], [0, 1, 8, 8, 0, 8, 1, 0], [1, 1, 1, 1, 1, 1, 1, 1], [3, 1, 0, 0, 0, 0, 1, 2]], "output": [[0, 9, 0, 0], [9, 0, 0, 0], [3, 0, 0, 0], [3, 3, 0, 2]]}, {"input": [[3, 1, 0, 0, 1, 7], [1, 1, 1, 1, 1, 1], [0, 1, 8, 8, 1, 0], [0, 1, 8, 0, 1, 0], [1, 1, 1, 1, 1, 1], [9, 1, 0, 0, 1, 4]], "output": [[3, 7], [9, 0]]}, {"input": [[3, 1, 0, 0, 0, 0, 0, 0, 1, 7], [1, 1, 1, 1, 1, 1, 1, 1, 1, 1], [0, 1, 0, 8, 8, 0, 8, 0, 1, 0], [0, 1, 0, 0, 8, 0, 0, 0, 1, 0], [0, 1, 0, 8, 0, 8, 8, 0, 1, 0], [0, 1, 0, 0, 8, 8, 8, 8, 1, 0], [0, 1, 8, 8, 0, 0, 0, 0, 1, 0], [0, 1, 0, 8, 8, 0, 8, 0, 1, 0], [1, 1, 1, 1, 1, 1, 1, 1, 1, 1], [2, 1, 0, 0, 0, 0, 0, 0, 1, 9]], "output": [[0, 3, 3, 0, 7, 0], [0, 0, 3, 0, 0, 0], [0, 3, 0, 7, 7, 0], [0, 0, 2, 9, 9, 9], [2, 2, 0, 0, 0, 0], [0, 2, 2, 0, 9, 0]]}, {"input": [[2, 1, 0, 0, 1, 6], [1, 1, 1, 1, 1, 1], [0, 1, 0, 0, 1, 0], [0, 1, 8, 8, 1, 0], [1, 1, 1, 1, 1, 1], [3, 1, 0, 0, 1, 7]], "output": [[0, 0], [3, 7]]}, {"input": [[3, 1, 0, 0, 1, 4], [1, 1, 1, 1, 1, 1], [0, 1, 8, 0, 1, 0], [0, 1, 0, 8, 1, 0], [1, 1, 1, 1, 1, 1], [2, 1, 0, 0, 1, 7]], "output": [[3, 0], [0, 7]]}, {"input": [[6, 1, 0, 0, 1, 5], [1, 1, 1, 1, 1, 1], [0, 1, 0, 8, 1, 0], [0, 1, 0, 0, 1, 0], [1, 1, 1, 1, 1, 1], [2, 1, 0, 0, 1, 7]], "output": [[0, 5], [0, 0]]}, {"input": [[6, 1, 0, 0, 1, 4], [1, 1, 1, 1, 1, 1], [0, 1, 0, 0, 1, 0], [0, 1, 8, 0, 1, 0], [1, 1, 1, 1, 1, 1], [3, 1, 0, 0, 1, 9]], "output": [[0, 0], [3, 0]]}, {"input": [[5, 1, 0, 0, 0, 0, 1, 9], [1, 1, 1, 1, 1, 1, 1, 1], [0, 1, 0, 0, 0, 8, 1, 0], [0, 1, 0, 8, 8, 0, 1, 0], [0, 1, 8, 8, 0, 0, 1, 0], [0, 1, 0, 0, 0, 8, 1, 0], [1, 1, 1, 1, 1, 1, 1, 1], [7, 1, 0, 0, 0, 0, 1, 2]], "output": [[0, 0, 0, 9], [0, 5, 9, 0], [7, 7, 0, 0], [0, 0, 0, 2]]}, {"input": [[9, 1, 0, 0, 0, 0, 1, 2], [1, 1, 1, 1, 1, 1, 1, 1], [0, 1, 0, 0, 8, 8, 1, 0], [0, 1, 0, 0, 0, 8, 1, 0], [0, 1, 0, 0, 8, 0, 1, 0], [0, 1, 0, 8, 8, 8, 1, 0], [1, 1, 1, 1, 1, 1, 1, 1], [7, 1, 0, 0, 0, 0, 1, 5]], "output": [[0, 0, 2, 2], [0, 0, 0, 2], [0, 0, 5, 0], [0, 7, 5, 5]]}, {"input": [[9, 1, 0, 0, 1, 4], [1, 1, 1, 1, 1, 1], [0, 1, 8, 0, 1, 0], [0, 1, 8, 8, 1, 0], [1, 1, 1, 1, 1, 1], [6, 1, 0, 0, 1, 5]], "output": [[9, 0], [6, 5]]}, {"input": [[3, 1, 0, 0, 1, 4], [1, 1, 1, 1, 1, 1], [0, 1, 0, 0, 1, 0], [0, 1, 8, 0, 1, 0], [1, 1, 1, 1, 1, 1], [7, 1, 0, 0, 1, 5]], "output": [[0, 0], [7, 0]]}, {"input": [[6, 1, 0, 0, 0, 0, 0, 0, 1, 7], [1, 1, 1, 1, 1, 1, 1, 1, 1, 1], [0, 1, 0, 8, 0, 8, 0, 8, 1, 0], [0, 1, 0, 0, 0, 8, 0, 8, 1, 0], [0, 1, 8, 0, 8, 8, 0, 0, 1, 0], [0, 1, 0, 8, 8, 8, 0, 8, 1, 0], [0, 1, 8, 0, 8, 0, 0, 0, 1, 0], [0, 1, 8, 8, 8, 8, 8, 8, 1, 0], [1, 1, 1, 1, 1, 1, 1, 1, 1, 1], [4, 1, 0, 0, 0, 0, 0, 0, 1, 9]], "output": [[0, 6, 0, 7, 0, 7], [0, 0, 0, 7, 0, 7], [6, 0, 6, 7, 0, 0], [0, 4, 4, 9, 0, 9], [4, 0, 4, 0, 0, 0], [4, 4, 4, 9, 9, 9]]}, {"input": [[5, 1, 0, 0, 1, 7], [1, 1, 1, 1, 1, 1], [0, 1, 8, 8, 1, 0], [0, 1, 0, 8, 1, 0], [1, 1, 1, 1, 1, 1], [4, 1, 0, 0, 1, 2]], "output": [[5, 7], [0, 2]]}, {"input": [[6, 1, 0, 0, 1, 7], [1, 1, 1, 1, 1, 1], [0, 1, 8, 0, 1, 0], [0, 1, 0, 0, 1, 0], [1, 1, 1, 1, 1, 1], [9, 1, 0, 0, 1, 5]], "output": [[6, 0], [0, 0]]}, {"input": [[6, 1, 0, 0, 0, 0, 0, 0, 1, 2], [1, 1, 1, 1, 1, 1, 1, 1, 1, 1], [0, 1, 8, 8, 0, 8, 0, 0, 1, 0], [0, 1, 0, 8, 0, 0, 0, 8, 1, 0], [0, 1, 0, 8, 8, 8, 8, 0, 1, 0], [0, 1, 0, 0, 0, 0, 0, 8, 1, 0], [0, 1, 8, 0, 0, 0, 0, 8, 1, 0], [0, 1, 8, 8, 8, 8, 0, 0, 1, 0], [1, 1, 1, 1, 1, 1, 1, 1, 1, 1], [9, 1, 0, 0, 0, 0, 0, 0, 1, 3]], "output": [[6, 6, 0, 2, 0, 0], [0, 6, 0, 0, 0, 2], [0, 6, 6, 2, 2, 0], [0, 0, 0, 0, 0, 3], [9, 0, 0, 0, 0, 3], [9, 9, 9, 3, 0, 0]]}, {"input": [[4, 1, 0, 0, 1, 5], [1, 1, 1, 1, 1, 1], [0, 1, 0, 0, 1, 0], [0, 1, 0, 8, 1, 0], [1, 1, 1, 1, 1, 1], [7, 1, 0, 0, 1, 9]], "output": [[0, 0], [0, 9]]}, {"input": [[5, 1, 0, 0, 0, 0, 0, 0, 1, 6], [1, 1, 1, 1, 1, 1, 1, 1, 1, 1], [0, 1, 0, 0, 0, 8, 8, 8, 1, 0], [0, 1, 0, 0, 0, 8, 0, 0, 1, 0], [0, 1, 0, 0, 0, 0, 0, 0, 1, 0], [0, 1, 0, 0, 0, 0, 0, 8, 1, 0], [0, 1, 0, 8, 8, 8, 8, 0, 1, 0], [0, 1, 0, 0, 0, 0, 0, 0, 1, 0], [1, 1, 1, 1, 1, 1, 1, 1, 1, 1], [9, 1, 0, 0, 0, 0, 0, 0, 1, 3]], "output": [[0, 0, 0, 6, 6, 6], [0, 0, 0, 6, 0, 0], [0, 0, 0, 0, 0, 0], [0, 0, 0, 0, 0, 3], [0, 9, 9, 3, 3, 0], [0, 0, 0, 0, 0, 0]]}, {"input": [[2, 1, 0, 0, 0, 0, 1, 7], [1, 1, 1, 1, 1, 1, 1, 1], [0, 1, 0, 8, 8, 0, 1, 0], [0, 1, 0, 0, 0, 8, 1, 0], [0, 1, 0, 0, 8, 8, 1, 0], [0, 1, 0, 0, 0, 8, 1, 0], [1, 1, 1, 1, 1, 1, 1, 1], [6, 1, 0, 0, 0, 0, 1, 5]], "output": [[0, 2, 7, 0], [0, 0, 0, 7], [0, 0, 5, 5], [0, 0, 0, 5]]}, {"input": [[7, 1, 0, 0, 0, 0, 1, 9], [1, 1, 1, 1, 1, 1, 1, 1], [0, 1, 8, 8, 8, 8, 1, 0], [0, 1, 0, 8, 8, 0, 1, 0], [0, 1, 8, 0, 8, 0, 1, 0], [0, 1, 0, 0, 8, 0, 1, 0], [1, 1, 1, 1, 1, 1, 1, 1], [5, 1, 0, 0, 0, 0, 1, 2]], "output": [[7, 7, 9, 9], [0, 7, 9, 0], [5, 0, 2, 0], [0, 0, 2, 0]]}, {"input": [[6, 1, 0, 0, 0, 0, 1, 9], [1, 1, 1, 1, 1, 1, 1, 1], [0, 1, 0, 0, 8, 0, 1, 0], [0, 1, 8, 8, 8, 0, 1, 0], [0, 1, 0, 0, 8, 8, 1, 0], [0, 1, 8, 8, 8, 0, 1, 0], [1, 1, 1, 1, 1, 1, 1, 1], [4, 1, 0, 0, 0, 0, 1, 7]], "output": [[0, 0, 9, 0], [6, 6, 9, 0], [0, 0, 7, 7], [4, 4, 7, 0]]}, {"input": [[4, 1, 0, 0, 0, 0, 0, 0, 1, 2], [1, 1, 1, 1, 1, 1, 1, 1, 1, 1], [0, 1, 8, 8, 8, 8, 8, 0, 1, 0], [0, 1, 0, 8, 0, 0, 8, 0, 1, 0], [0, 1, 0, 0, 8, 8, 0, 0, 1, 0], [0, 1, 8, 0, 0, 0, 8, 0, 1, 0], [0, 1, 0, 0, 0, 8, 8, 0, 1, 0], [0, 1, 0, 0, 0, 8, 0, 8, 1, 0], [1, 1, 1, 1, 1, 1, 1, 1, 1, 1], [7, 1, 0, 0, 0, 0, 0, 0, 1, 9]], "output": [[4, 4, 4, 2, 2, 0], [0, 4, 0, 0, 2, 0], [0, 0, 4, 2, 0, 0], [7, 0, 0, 0, 9, 0], [0, 0, 0, 9, 9, 0], [0, 0, 0, 9, 0, 9]]}, {"input": [[5, 1, 0, 0, 0, 0, 0, 0, 1, 3], [1, 1, 1, 1, 1, 1, 1, 1, 1, 1], [0, 1, 0, 0, 8, 0, 8, 8, 1, 0], [0, 1, 8, 0, 0, 8, 8, 0, 1, 0], [0, 1, 8, 8, 8, 0, 8, 0, 1, 0], [0, 1, 8, 8, 0, 0, 0, 0, 1, 0], [0, 1, 0, 0, 8, 0, 0, 0, 1, 0], [0, 1, 8, 8, 0, 8, 0, 8, 1, 0], [1, 1, 1, 1, 1, 1, 1, 1, 1, 1], [4, 1, 0, 0, 0, 0, 0, 0, 1, 2]], "output": [[0, 0, 5, 0, 3, 3], [5, 0, 0, 3, 3, 0], [5, 5, 5, 0, 3, 0], [4, 4, 0, 0, 0, 0], [0, 0, 4, 0, 0, 0], [4, 4, 0, 2, 0, 2]]}, {"input": [[4, 1, 0, 0, 0, 0, 0, 0, 1, 2], [1, 1, 1, 1, 1, 1, 1, 1, 1, 1], [0, 1, 0, 8, 0, 8, 8, 0, 1, 0], [0, 1, 0, 0, 0, 0, 0, 0, 1, 0], [0, 1, 0, 8, 0, 0, 0, 0, 1, 0], [0, 1, 0, 8, 0, 8, 8, 8, 1, 0], [0, 1, 0, 0, 8, 0, 8, 0, 1, 0], [0, 1, 0, 8, 0, 8, 8, 8, 1, 0], [1, 1, 1, 1, 1, 1, 1, 1, 1, 1], [6, 1, 0, 0, 0, 0, 0, 0, 1, 7]], "output": [[0, 4, 0, 2, 2, 0], [0, 0, 0, 0, 0, 0], [0, 4, 0, 0, 0, 0], [0, 6, 0, 7, 7, 7], [0, 0, 6, 0, 7, 0], [0, 6, 0, 7, 7, 7]]}, {"input": [[6, 1, 0, 0, 0, 0, 1, 4], [1, 1, 1, 1, 1, 1, 1, 1], [0, 1, 8, 8, 0, 8, 1, 0], [0, 1, 0, 0, 0, 8, 1, 0], [0, 1, 8, 0, 8, 8, 1, 0], [0, 1, 8, 0, 8, 8, 1, 0], [1, 1, 1, 1, 1, 1, 1, 1], [7, 1, 0, 0, 0, 0, 1, 2]], "output": [[6, 6, 0, 4], [0, 0, 0, 4], [7, 0, 2, 2], [7, 0, 2, 2]]}, {"input": [[6, 1, 0, 0, 0, 0, 1, 2], [1, 1, 1, 1, 1, 1, 1, 1], [0, 1, 0, 8, 8, 0, 1, 0], [0, 1, 8, 8, 0, 8, 1, 0], [0, 1, 8, 8, 8, 0, 1, 0], [0, 1, 8, 0, 8, 8, 1, 0], [1, 1, 1, 1, 1, 1, 1, 1], [3, 1, 0, 0, 0, 0, 1, 9]], "output": [[0, 6, 2, 0], [6, 6, 0, 2], [3, 3, 9, 0], [3, 0, 9, 9]]}, {"input": [[4, 1, 0, 0, 1, 5], [1, 1, 1, 1, 1, 1], [0, 1, 0, 8, 1, 0], [0, 1, 8, 8, 1, 0], [1, 1, 1, 1, 1, 1], [6, 1, 0, 0, 1, 9]], "output": [[0, 5], [6, 9]]}, {"input": [[9, 1, 0, 0, 0, 0, 1, 2], [1, 1, 1, 1, 1, 1, 1, 1], [0, 1, 0, 0, 0, 8, 1, 0], [0, 1, 0, 8, 8, 8, 1, 0], [0, 1, 8, 0, 0, 0, 1, 0], [0, 1, 0, 8, 8, 8, 1, 0], [1, 1, 1, 1, 1, 1, 1, 1], [6, 1, 0, 0, 0, 0, 1, 3]], "output": [[0, 0, 0, 2], [0, 9, 2, 2], [6, 0, 0, 0], [0, 6, 3, 3]]}, {"input": [[7, 1, 0, 0, 0, 0, 1, 3], [1, 1, 1, 1, 1, 1, 1, 1], [0, 1, 8, 0, 8, 8, 1, 0], [0, 1, 0, 8, 0, 8, 1, 0], [0, 1, 0, 0, 0, 0, 1, 0], [0, 1, 8, 0, 0, 8, 1, 0], [1, 1, 1, 1, 1, 1, 1, 1], [5, 1, 0, 0, 0, 0, 1, 9]], "output": [[7, 0, 3, 3], [0, 7, 0, 3], [0, 0, 0, 0], [5, 0, 0, 9]]}, {"input": [[5, 1, 0, 0, 0, 0, 1, 2], [1, 1, 1, 1, 1, 1, 1, 1], [0, 1, 0, 0, 0, 0, 1, 0], [0, 1, 0, 0, 8, 0, 1, 0], [0, 1, 8, 8, 8, 8, 1, 0], [0, 1, 8, 8, 0, 0, 1, 0], [1, 1, 1, 1, 1, 1, 1, 1], [4, 1, 0, 0, 0, 0, 1, 9]], "output": [[0, 0, 0, 0], [0, 0, 2, 0], [4, 4, 9, 9], [4, 4, 0, 0]]}, {"input": [[9, 1, 0, 0, 1, 2], [1, 1, 1, 1, 1, 1], [0, 1, 8, 0, 1, 0], [0, 1, 0, 0, 1, 0], [1, 1, 1, 1, 1, 1], [5, 1, 0, 0, 1, 4]], "output": [[9, 0], [0, 0]]}, {"input": [[7, 1, 0, 0, 1, 6], [1, 1, 1, 1, 1, 1], [0, 1, 8, 8, 1, 0], [0, 1, 8, 0, 1, 0], [1, 1, 1, 1, 1, 1], [9, 1, 0, 0, 1, 2]], "output": [[7, 6], [9, 0]]}, {"input": [[2, 1, 0, 0, 0, 0, 1, 7], [1, 1, 1, 1, 1, 1, 1, 1], [0, 1, 8, 8, 0, 0, 1, 0], [0, 1, 8, 8, 8, 0, 1, 0], [0, 1, 0, 0, 8, 8, 1, 0], [0, 1, 0, 0, 0, 8, 1, 0], [1, 1, 1, 1, 1, 1, 1, 1], [3, 1, 0, 0, 0, 0, 1, 5]], "output": [[2, 2, 0, 0], [2, 2, 7, 0], [0, 0, 5, 5], [0, 0, 0, 5]]}, {"input": [[7, 1, 0, 0, 0, 0, 0, 0, 1, 5], [1, 1, 1, 1, 1, 1, 1, 1, 1, 1], [0, 1, 8, 0, 0, 0, 0, 8, 1, 0], [0, 1, 0, 0, 0, 0, 8, 8, 1, 0], [0, 1, 8, 8, 0, 0, 0, 0, 1, 0], [0, 1, 0, 8, 0, 0, 0, 0, 1, 0], [0, 1, 8, 8, 0, 0, 8, 8, 1, 0], [0, 1, 0, 8, 0, 0, 8, 0, 1, 0], [1, 1, 1, 1, 1, 1, 1, 1, 1, 1], [3, 1, 0, 0, 0, 0, 0, 0, 1, 4]], "output": [[7, 0, 0, 0, 0, 5], [0, 0, 0, 0, 5, 5], [7, 7, 0, 0, 0, 0], [0, 3, 0, 0, 0, 0], [3, 3, 0, 0, 4, 4], [0, 3, 0, 0, 4, 0]]}]}