{"train": [{"input": [[3, 3, 0], [3, 2, 0], [0, 0, 0]], "output": [[3, 3, 3, 3, 0, 0, 0, 0, 0], [3, 3, 3, 3, 0, 0, 0, 0, 0], [3, 3, 3, 3, 0, 0, 0, 0, 0], [3, 3, 3, 3, 0, 0, 0, 0, 0], [0, 0, 0, 0, 3, 3, 3, 3, 0], [0, 0, 0, 0, 3, 3, 3, 3, 0], [0, 0, 0, 0, 3, 3, 3, 3, 0], [0, 0, 0, 0, 3, 3, 3, 3, 0], [0, 0, 0, 0, 0, 0, 0, 0, 0]]}, {"input": [[0, 0, 0], [0, 2, 3], [0, 3, 3]], "output": [[0, 0, 0, 0, 0, 0, 0, 0, 0], [0, 3, 3, 3, 3, 0, 0, 0, 0], [0, 3, 3, 3, 3, 0, 0, 0, 0], [0, 3, 3, 3, 3, 0, 0, 0, 0], [0, 3, 3, 3, 3, 0, 0, 0, 0], [0, 0, 0, 0, 0, 3, 3, 3, 3], [0, 0, 0, 0, 0, 3, 3, 3, 3], [0, 0, 0, 0, 0, 3, 3, 3, 3], [0, 0, 0, 0, 0, 3, 3, 3, 3]]}], "test": [{"input": [[0, 3, 3], [0, 2, 3], [0, 0, 0]], "output": [[0, 0, 0, 0, 0, 3, 3, 3, 3], [0, 0, 0, 0, 0, 3, 3, 3, 3], [0, 0, 0, 0, 0, 3, 3, 3, 3], [0, 0, 0, 0, 0, 3, 3, 3, 3], [0, 3, 3, 3, 3, 0, 0, 0, 0], [0, 3, 3, 3, 3, 0, 0, 0, 0], [0, 3, 3, 3, 3, 0, 0, 0, 0], [0, 3, 3, 3, 3, 0, 0, 0, 0], [0, 0, 0, 0, 0, 0, 0, 0, 0]]}], "arc-gen": [{"input": [[3, 3, 0], [3, 2, 0], [0, 0, 0]], "output": [[3, 3, 3, 3, 0, 0, 0, 0, 0], [3, 3, 3, 3, 0, 0, 0, 0, 0], [3, 3, 3, 3, 0, 0, 0, 0, 0], [3, 3, 3, 3, 0, 0, 0, 0, 0], [0, 0, 0, 0, 3, 3, 3, 3, 0], [0, 0, 0, 0, 3, 3, 3, 3, 0], [0, 0, 0, 0, 3, 3, 3, 3, 0], [0, 0, 0, 0, 3, 3, 3, 3, 0], [0, 0, 0, 0, 0, 0, 0, 0, 0]]}, {"input": [[0, 0, 0], [3, 2, 0], [3, 3, 0]], "output": [[0, 0, 0, 0, 0, 0, 0, 0, 0], [0, 0, 0, 0, 3, 3, 3, 3, 0], [0, 0, 0, 0, 3, 3, 3, 3, 0], [0, 0, 0, 0, 3, 3, 3, 3, 0], [0, 0, 0, 0, 3, 3, 3, 3, 0], [3, 3, 3, 3, 0, 0, 0, 0, 0], [3, 3, 3, 3, 0, 0, 0, 0, 0], [3, 3, 3, 3, 0, 0, 0, 0, 0], [3, 3, 3, 3, 0, 0, 0, 0, 0]]}, {"input": [[0, 0, 0], [0, 2, 3], [0, 3, 3]], "output": [[0, 0, 0, 0, 0, 0, 0, 0, 0], [0, 3, 3, 3, 3, 0, 0, 0, 0], [0, 3, 3, 3, 3, 0, 0, 0, 0], [0, 3, 3, 3, 3, 0, 0, 0, 0], [0, 3, 3, 3, 3, 0, 0, 0, 0], [0, 0, 0, 0, 0, 3, 3, 3, 3], [0, 0, 0, 0, 0, 3, 3, 3, 3], [0, 0, 0, 0, 0, 3, 3, 3, 3], [0, 0, 0, 0, 0, 3, 3, 3, 3]]}, {"input": [[0, 3, 3], [0, 2, 3], [0, 0, 0]], "output": [[0, 0, 0, 0, 0, 3, 3, 3, 3], [0, 0, 0, 0, 0, 3, 3, 3, 3], [0, 0, 0, 0, 0, 3, 3, 3, 3], [0, 0, 0, 0, 0, 3, 3, 3, 3], [0, 3, 3, 3, 3, 0, 0, 0, 0], [0, 3, 3, 3, 3, 0, 0, 0, 0], [0, 3, 3, 3, 3, 0, 0, 0, 0], [0, 3, 3, 3, 3, 0, 0, 0, 0], [0, 0, 0, 0, 0, 0, 0, 0, 0]]}]}